identifier,table_num,name,code,note,type
A03,1,範囲,NA,NA,曲面型（GM_Surface）
A03,1,行政区域コード,NA,NA,"コードリスト「行政コード」
      ※海上は""99999""とする。"
A03,1,都道府県名,NA,NA,文字列型
A03,1,郡市名,NA,NA,文字列型
A03,1,区町村名,NA,NA,文字列型
A03,1,陸水等区分,NA,NA,列挙型（陸地、湖沼、湖沼内の島、海上）
A03,1,区域区分,NA,NA,"コードリスト「区域区分」
      ※首都圏、中部圏、近畿圏でコードが異なる。"
A03,1,区域コード,NA,NA,"コードリスト「区域コード」
      ※首都圏、中部圏、近畿圏でコードが異なる。"
A03,1,備考,NA,NA,文字列型
A09,1,範囲,NA,NA,曲面型（GM_Surface）
A09,1,都道府県コード,NA,NA,コードリスト「都道府県コード」
A09,1,支庁区分コード,NA,NA,コードリスト「支庁区分コード」
A09,1,都市地域区分コード,NA,NA,コードリスト「都市地域区分コード」
A10,1,範囲,NA,NA,曲面型（GM_Surface）
A10,1,都道府県コード,NA,NA,コードリスト「都道府県コード」
A10,1,支庁区分コード,NA,NA,コードリスト「支庁区分コード」
A10,1,自然公園地域区分コード,NA,NA,コードリスト「自然公園地域区分コード」
A11,1,範囲,NA,NA,曲面型（GM_Surface）
A11,1,都道府県コード,NA,NA,コードリスト「都道府県コード」
A11,1,支庁区分コード,NA,NA,コードリスト「支庁区分コード」
A11,1,自然保全地域区分コード,NA,NA,コードリスト「自然保全地域区分コード」
A12,1,範囲,NA,NA,曲面型（GM_Surface）
A12,1,都道府県コード,NA,NA,コードリスト「都道府県コード」
A12,1,支庁区分コード,NA,NA,コードリスト「支庁区分コード」
A12,1,農業地区分コード,NA,NA,コードリスト「農業地域区分コード」
A13,1,範囲,NA,NA,曲面型（GM_Surface）
A13,1,都道府県コード,NA,NA,コードリスト「都道府県コード」
A13,1,支庁区コード,NA,NA,コードリスト「支庁区分コード」
A13,1,森林地域区分コード,NA,NA,コードリスト「森林地域区分コード」
A15,1,鳥獣保護区,NA,NA,曲面型（GM_Surface）
A15,2,鳥獣保護区名,A15_001,NA,文字列型（CharacterString）
A15,2,都道府県コード,A15_002,NA,コードリスト「都道府県コード」
A15,2,指定機関：指定機関コード,A15_003,NA,コードリスト「指定機関コード」
A15,2,保護区分：保護区分コード,A15_004,NA,コードリスト「保護区分コード」
A15,2,指定日,A15_005,NA,時間型（TM_Instant）
A15,2,解除日,A15_006,NA,時間型（TM_Instant）
A16,1,DIDid,NA,NA,整数型
A16,1,DID範囲,NA,NA,曲面型（GM_Surface）
A16,1,都道府県コード,NA,NA,コードリスト「都道府県コード」
A16,1,市区町村コード,NA,NA,整数型
A16,1,市区町村名称,NA,NA,文字列型
A16,1,人口集中地区符合,NA,NA,整数型 ※同一市区町村内に１箇所のみのDIDについては、”1“とする。
A16,1,人口,NA,NA,整数型
A16,1,面積,NA,NA,実数型
A16,1,前回人口,NA,NA,整数型 ※前回の数値が無い場合、“NULL”とする。
A16,1,前回面積,NA,NA,実数型 ※前回の数値が無い場合、“NULL”とする。
A16,1,全域に占める人口集中地区の人口割合,NA,NA,実数型
A16,1,全域に占める人口集中地区の面積割合,NA,NA,実数型
A16,1,国勢調査年度,NA,NA,時間型（TM_Instant）
A17,1,範囲,NA,NA,曲面型（GM_Surface）
A17,1,過疎ID,NA,NA,文字列型
A17,1,行政区域コード,NA,NA,コードリスト「行政コード」
A17,1,都道府県名,NA,NA,文字列型
A17,1,支庁・振興局名,NA,NA,文字列型
A17,1,郡・政令都市名,NA,NA,文字列型
A17,1,市区町村名,NA,NA,文字列型
A17,1,原典市区町村名,NA,NA,文字列型
A17,1,旧市町村名,NA,NA,文字列型
A17,1,過疎区分コード,NA,NA,コードリスト「過疎区分コード」
A18,1,範囲,NA,NA,曲面型（GM_Surface）
A18,1,半島ID,NA,NA,文字列型
A18,1,行政区域コード,NA,NA,コードリスト「行政コード」
A18,1,都道府県名,NA,NA,文字列型
A18,1,支庁・振興局名,NA,NA,文字列型
A18,1,郡・政令都市名,NA,NA,文字列型
A18,1,市区町村名,NA,NA,文字列型
A18,1,原典市区町村名,NA,NA,文字列型
A18,1,旧市町村名,NA,NA,文字列型
A18,1,指定地域名,NA,NA,文字列型
A18,1,指定日,NA,NA,時間型（TM_Instant）
A19,1,範囲,NA,NA,曲面型（GM_Surface）
A19,1,都道府県コード,NA,NA,コードリスト「都道府県コード」
A19,1,支庁区分コード,NA,NA,コードリスト「支庁区分コード」
A19,1,離島区分コード,NA,NA,コードリスト「離島区分コード」
A20,1,範囲,NA,NA,曲面型（GM_Surface）
A20,1,都道府県コード,NA,NA,コードリスト「都道府県コード」
A20,1,支庁区分コード,NA,NA,コードリスト「支庁区分コード
A21,1,範囲,NA,NA,曲面型（GM_Surface）
A21,1,都道府県コード,NA,NA,コードリスト「都道府県コード」
A21,1,支庁区分コード,NA,NA,コードリスト「支庁区分コード」
A22-m,1,気象観測点,NA,NA,点型（GM_Point）
A22-m,2,観測点名,A22_000001,NA,文字列型（CharacterString）
A22-m,2,観測点の所在地,A22_000002,NA,文字列型（CharacterString）
A22-m,2,観測点の管理者,A22_000003,NA,文字列型（CharacterString）
A22-m,2,位置特定レベル,A22_500001,NA,コードリスト「位置特定レベル」
A22-m,3,各年度別最深積雪（平均値）,A22_010001,NA,実数型（Real）
A22-m,3,各年度別最深積雪（最大値）,A22_010002,NA,実数型（Real）
A22-m,4,各年度別累計降雪量（平均値）,A22_020001,NA,実数型（Real）
A22-m,4,各年度別累計降雪量（最大値）,A22_020002,NA,実数型（Real）
A22-m,5,各年度別最低気温（平均値）,A22_030001,NA,実数型（Real）
A22-m,5,各年度別最低気温（最低値）,A22_030002,NA,実数型（Real）
A22-m,6,各年度別平均風速（平均値）,A22_040001,NA,実数型（Real）
A22-m,6,各年度別平均風速（最大値）,A22_040002,NA,実数型（Real）
A22-m,8,豪雪地帯ID,A22_100001,NA,文字列型（CharacterString）
A22-m,8,地域指定時の市区町村名,A22_100002,NA,文字列型（CharacterString）
A22-m,8,データ整備時の行政コード,A22_100003,NA,文字列型（CharacterString）
A22-m,8,集計単位となる団体名（雪害）,A22_100004,NA,文字列型（CharacterString）
A22-m,8,集計単位フラグ（雪害）,A22_100005,NA,コードリスト「集計単位フラグ」
A22-m,8,集計単位となる団体名（除雪ボランティア）,A22_100006,NA,文字列型（CharacterString）
A22-m,8,集計単位フラグ（雪害）,A22_100007,NA,コードリスト「集計単位フラグ」
A22-m,9,利雪施設名,A22_40001,NA,文字列型（CharacterString）
A22-m,9,利雪施設の設置者,A22_40002,NA,文字列型（CharacterString）
A22-m,9,利雪施設の所在地,A22_40003,NA,文字列型（CharacterString）
A22-m,9,冷熱源確保方式,A22_40004,NA,文字列型（CharacterString）
A22-m,9,冷熱供給方式,A22_40005,NA,文字列型（CharacterString）
A22-m,9,完成年度,A22_40006,NA,整数型（Integer）
A22-m,9,施設の規模,A22_40007,NA,文字列型（CharacterString）
A22-m,9,貯雪量,A22_40008,NA,整数型（Integer）
A22-m,9,位置特定レベル,A22_40009,NA,コードリスト「位置特定レベル」
A22,1,範囲,NA,NA,曲面型（GM_Surface）
A22,1,都道府県コード,NA,NA,コードリスト「都道府県コード」
A22,1,支庁区分コード,NA,NA,コードリスト「支庁区分コード」
A22,1,豪雪区分コード,NA,NA,コードリスト「豪雪区分コード」
A23,1,範囲,NA,NA,曲面型（GM_Surface）
A23,1,特殊土壌ID,NA,NA,文字列型
A23,1,行政区域コード,NA,NA,コードリスト「行政コード」
A23,1,都道府県名,NA,NA,文字列型
A23,1,支庁・振興局名,NA,NA,文字列型
A23,1,郡・政令都市名,NA,NA,文字列型
A23,1,市区町村名,NA,NA,文字列型
A23,1,原典市区町村名,NA,NA,文字列型
A23,1,旧市町村名,NA,NA,文字列型
A23,1,特殊土壌区分コード,NA,NA,コードリスト「特殊土壌区分コード」
A24,1,範囲,NA,NA,曲面型（GM_Surface）
A24,1,都道府県コード,NA,NA,コードリスト「都道府県コード」
A24,1,支庁区分コード,NA,NA,コードリスト「支庁区分コード」
A25,1,範囲,NA,NA,曲面型（GM_Surface）
A25,1,都道府県コード,NA,NA,コードリスト「都道府県コード」
A25,1,支庁区分コード,NA,NA,コードリスト「支庁区分コード」
A25,1,特定農山村地域区分コード,NA,NA,コードリスト「特定農山村地域区分コード」
A26,1,土砂災害危険箇所（面）,NA,NA,曲面型（GM_Surface）
A26,1,土砂災害危険箇所（線）,NA,NA,曲面型（GM_Surface）
A26,1,土砂災害危険箇所（点）,NA,NA,点型（GM_Point）
A26,2,危険箇所種別コード,NA,NA,コードリスト「危険箇所種別コード」
A26,2,備考,NA,NA,文字列型(CharacterString)
A27,1,地点,NA,NA,点型（GM_Point）
A27,1,市区町村コード,A27_005,NA,コードリスト「行政コード」
A27,1,設置主体,A27_006,NA,文字列型(CharacterString)
A27,1,名称,A27_007,NA,文字列型(CharacterString)
A27,1,所在地,A27_008,NA,文字列型(CharacterString)
A27,2,範囲,NA,NA,面型（GM_Surface）
A27,2,市区町村コード,A27_001,NA,コードリスト「行政コード」
A27,2,設置主体,A27_002,NA,文字列型(CharacterString)
A27,2,名称,A27_003,NA,文字列型(CharacterString)
A27,2,所在地,A27_004,NA,文字列型(CharacterString)
A28,1,範囲,NA,NA,曲面型（GM_Surface）
A28,1,世界自然遺産名称コード,NA,NA,コードリスト「世界自然遺産コード」
A29,1,範囲,NA,NA,曲面型（GM_Surface）
A29,1,行政区域コード,A29_001,NA,コードリスト「行政コード」
A29,1,都道府県名,A29_002,NA,文字列型(CharacterString)
A29,1,市区町村名,A29_003,NA,文字列型(CharacterString)
A29,1,用途地域分類,A29_004,NA,コードリスト「用途地域分類コード」
A29,1,用途地域名,A29_005,NA,文字列型(CharacterString)
A29,1,建ぺい率,A29_006,NA,整数型(Decimal)
A29,1,容積率,A29_007,NA,整数型(Decimal)
A29,1,総括図作成団体名,A29_008,NA,文字列型(CharacterString)
A29,1,総括図作成年,A29_009,NA,時間型(TM_Instant)
A29,1,備考,A29_010,NA,文字列型(CharacterString)
A30a5,1,発生場所（都道府県）,A30a5_001,NA,文字型
A30a5,1,発生場所（郡・市・区・町・村）,A30a5_002,NA,文字型
A30a5,1,発生日,A30a5_003,NA,文字型
A30a5,1,災害の種類,A30a5_004,NA,列挙型
A30a5,1,最大24時間雨量,A30a5_005,NA,実数型
A30a5,1,最大時間雨量,A30a5_006,NA,実数型
A30a5,1,勾配,A30a5_007,NA,整数型
A30a5,1,流出土砂量,A30a5_008,NA,整数型
A30a5,1,地すべり・雪崩の長さ,A30a5_009,NA,整数型
A30a5,1,空間属性（メッシュ）,A30a5_010,NA,整数型
A30b,1,竜巻等の突風番号,A30b_001,NA,整数型
A30b,1,竜巻ダウンバースト区別,A30b_002,NA,列挙型
A30b,1,発生_日時,A30b_003,NA,文字型
A30b,1,発生_誤差,A30b_004,NA,文字型
A30b,1,発生_都道府県名,A30b_005,NA,文字型
A30b,1,発生_市区町村名,A30b_006,NA,文字型
A30b,1,発生_番地,A30b_007,NA,文字型
A30b,1,消滅_日時,A30b_008,NA,文字型
A30b,1,消滅_誤差,A30b_009,NA,文字型
A30b,1,消滅_都道府県名,A30b_010,NA,文字型
A30b,1,消滅_市区町村名,A30b_011,NA,文字型
A30b,1,消滅_番地,A30b_012,NA,文字型
A30b,1,藤田スケール（Fスケール）,A30b_013,NA,列挙型
A30b,1,被害域_幅,A30b_014,NA,文字型
A30b,1,被害域_長さ,A30b_015,NA,文字型
A30b,1,移動_方向1,A30b_016,NA,列挙型
A30b,1,移動_方向2,A30b_017,NA,列挙型
A30b,1,移動_速度,A30b_018,NA,整数型
A30b,1,継続時間,A30b_019,NA,整数型
A30b,1,x回転方向,A30b_020,NA,列挙型
A30b,1,発生地点区別,A30b_021,NA,列挙型
A30b,1,総観場_1,A30b_022,NA,列挙型
A30b,1,総観場_2,A30b_023,NA,列挙型
A30b,1,総観場_3,A30b_024,NA,列挙型
A30b,1,総観規模じょう乱からの位置,A30b_025,NA,整数型
A30b,1,特徴,A30b_026,NA,文字型
A31,1,範囲,NA,NA,面型（GM_ Surface）
A31,1,浸水深,A31_001,NA,コードリスト型（浸水深ランクコード）
A31,1,作成種別,A31_002,NA,コードリスト型（作成種別コード）
A31,1,作成主体,A31_003,NA,文字列型（CharacterString）
A31,1,指定年月日,A31_004,NA,文字列型（CharacterString）
A31,1,告示番号,A31_005,NA,文字列型（CharacterString）
A31,1,対象となる河川,NA,NA,文字列型（CharacterString）
A31,1,指定の前提となる計画降雨,NA,NA,文字列型（CharacterString）
A31,1,関係市町村,NA,NA,文字列型（CharacterString）
A31,1,備考,NA,NA,文字列型（CharacterString）
A32,1,地点,NA,NA,点型（GM_Point）
A32,1,市区町村コード,A32_001,NA,コードリスト「行政コード」
A32,1,設置主体,A32_002,NA,文字列型(CharacterString)
A32,1,名称,A32_003,NA,文字列型(CharacterString)
A32,1,所在地,A32_004,NA,文字列型(CharacterString)
A32,1,通学区域ファイル名,A32_005,NA,文字列型(CharacterString)
A32,2,範囲,NA,NA,面型（GM_Surface）
A32,2,市区町村コード,A32_006,NA,コードリスト「行政コード」
A32,2,設置主体,A32_007,NA,文字列型(CharacterString)
A32,2,名称,A32_008,NA,文字列型(CharacterString)
A32,2,所在地,A32_009,NA,文字列型(CharacterString)
A32,2,通学区域ファイル名,A32_010,NA,文字列型(CharacterString)
A33,1,土砂災害警戒区域（面）,NA,NA,面型（GM_Surface）
A33,1,土砂災害警戒区域（線）,NA,NA,線型（GM_Curve）
A33,2,現象の種類,A33_001,NA,コードリスト「現象種別コード」
A33,2,区域区分,A33_002,NA,コードリスト「区域コード」
A33,2,都道府県コード,A33_003,NA,コードリスト「都道府県コード」
A33,2,区域番号,A33_004,NA,文字列型(CharacterString)
A33,2,区域名,A33_005,NA,文字列型(CharacterString)
A33,2,所在地,A33_006,NA,文字列型(CharacterString)
A33,2,告示日,A33_007,NA,日付型(TM_Period)
A33,2,特別警戒未指定フラグ,A33_008,NA,コードリスト「特別警戒区域未指定コード」
A34,1,構成資産範囲ポリゴン,NA,NA,曲面型(GM_Surface)
A34,1,構成資産範囲ポリゴン（代表点）,NA,NA,点型(GM_Point)
A34,1,構成資産範囲ライン,NA,NA,線型(GM_Curve)
A34,1,構成資産範囲ライン（代表点）,NA,NA,点型(GM_Point)
A34,3,構成資産,NA,NA,点型(GM_Point)
A34,4,構成資産ID,A34e_001,※シェープファイルのみ,整数型(Integer)
A34,4,世界遺産番号,A34e_002,NA,整数型(Integer)
A34,4,世界文化遺産名,A34e_003,NA,文字列型(CharacterString)
A34,4,構成資産名,A34e_004,NA,文字列型(CharacterString)
A34,5,緩衝地帯ポリゴン,NA,NA,曲面型(GM_Surface)
A34,5,緩衝地帯ポリゴン（代表点）,NA,NA,点型(GM_Point)
A35a,1,景観計画区域（面）,NA,NA,曲面型（GM_Surface）
A35a,1,景観計画区域（点）,NA,NA,点型（GM_Point）
A35a,3,景観重点地区,NA,NA,曲面型（GM_Surface）
A35a,4,景観計画区域ID,A35c_001,NA,実数型（Real）
A35a,4,都道府県コード,A35c_002,NA,コードリスト「都道府県コード」
A35a,4,団体名,A35c_003,NA,文字列型（CharacterString）
A35a,4,行政コード,A35c_004,NA,コードリスト「行政コード」
A35a,4,地区名称,A35c_005,NA,文字列型（CharacterString）
A35b,4,景観地区ゾーンID,A35f_001,NA,実数型（Real）
A35b,4,都道府県コード,A35f_002,NA,コードリスト「都道府県コード」
A35b,4,団体名,A35f_003,NA,文字列型（CharacterString）
A35b,4,行政コード,A35f_004,NA,コードリスト「行政コード」
A35b,4,景観地区・準景観地区名称,A35f_005,NA,文字列型（CharacterString）
A35b,4,ゾーン名称,A35f_006,NA,文字列型（CharacterString）
A35b,4,種別,A35f_007,NA,コードリスト「種別コード」
A35c,2,景観重要建造物ID,A35g_001,NA,実数型（Real）
A35c,2,都道府県コード,A35g_002,NA,コードリスト「都道府県コード」
A35c,2,団体名,A35g_003,NA,文字列型（CharacterString）
A35c,2,行政コード,A35g_004,NA,コードリスト「行政コード」
A35c,2,指定番号,A35g_005,NA,文字列型（CharacterString）
A35c,2,指定年月日,A35g_006,NA,整数型（Integer）
A35c,2,名称,A35g_007,NA,文字列型（CharacterString）
A35c,2,所在地,A35g_008,NA,文字列型（CharacterString）
A35c,2,外観の特徴,A35g_009,NA,文字列型（CharacterString）
A35c,4,景観重要樹木ID,A35h_001,NA,実数型（Real）
A35c,4,都道府県コード,A35h_002,NA,コードリスト「都道府県コード」
A35c,4,団体名,A35h_003,NA,文字列型（CharacterString）
A35c,4,行政コード,A35h_004,NA,コードリスト「行政コード」
A35c,4,指定番号,A35h_005,NA,文字列型（CharacterString）
A35c,4,指定年月日,A35h_006,NA,整数型（Integer）
A35c,4,樹種,A35h_007,NA,文字列型（CharacterString）
A35c,4,所在地,A35h_008,NA,文字列型（CharacterString）
A35c,4,外観の特徴,A35h_009,NA,文字列型（CharacterString）
A37,1,半島循環道路,A37a-15,NA,線型（GM_Curve）
A37,2,指定時の路線名,A37_000001,NA,文字列型（CharacterString）
A37,2,半島振興対策実施地域名,A37_000002,NA,文字列型（CharacterString）
A37,2,指定時の道路種別,A37_000003,NA,文字列型（CharacterString）
A37,2,最大交通量,A37_000004,NA,整数型（Integer）
A37,2,平均交通量,A37_000005,NA,整数型（Integer）
A37,2,指定時の区間（住所）,A37_000006,NA,文字列型（CharacterString）
A37,3,半島振興対策実施地域の主要道路,A37b-15,NA,線型（GM_Curve）
A37,4,半島振興対策実施地域名,A37_100001,NA,文字列型（CharacterString）
A37,4,道路種別,A37_100002,NA,文字列型（CharacterString）
A37,5,半島振興対策実施地域の異常気象時通行規制区間,A37c-15,NA,線型（GM_Curve）
A37,6,路線名,A37_200001,NA,文字列型（CharacterString）
A37,6,道路種別,A37_200002,NA,文字列型（CharacterString）
A37,6,規制基準雨量（連続雨量）,A37_200003,NA,整数型（Integer）
A37,6,規制基準雨量（1時間雨量）,A37_200004,NA,整数型（Integer）
A37,6,規制基準雨量（24時間雨量）,A37_200005,NA,整数型（Integer）
A37,6,規制基準,A37_200006,NA,文字列型（CharacterString）
A37,6,通行規制区間の起点（住所）,A37_210001,NA,文字列型（CharacterString）
A37,6,通行規制区間の終点（住所）,A37_210002,NA,文字列型（CharacterString）
A37,7,半島振興対策実施地域対象市町村,A37d-15,NA,曲面型（GM_Surface）
A37,8,半島ID,A37_300001,NA,文字列型（CharacterString）
A37,8,半島振興対策実施地域名,A37_300002,NA,文字列型（CharacterString）
A37,8,市町村名,A37_300003,NA,文字列型（CharacterString）
A37,8,地域指定当時の市町村名,A37_300004,NA,文字列型（CharacterString）
A37,8,集計単位となる団体名（救急搬送）,A37_300005,NA,文字列型（CharacterString）
A37,8,データ整備時の行政コード,A37_300006,NA,コードリスト「行政コード」
A37,8,集計単位フラグ（救急搬送）,A37_300007,NA,コードリスト「集計単位フラグ」
A37,8,年平均日射量,A37_310001,NA,実数型（Real）
A37,8,平均風速（標高30m）,A37_310002,NA,実数型（Real）
A37,8,平均風速（標高50m）,A37_310003,NA,実数型（Real）
A37,8,平均風速（標高70m）,A37_310004,NA,実数型（Real）
A37,8,耕作放棄地面積,A37_320001,NA,実数型（Real）
A37,8,宿泊能力（客室数）,A37_330001,NA,整数型（Integer）
A37,8,小・中学校生徒数（H12）,A37_382000,NA,整数型（Integer）
A37,8,小・中学校生徒数（H22）,A37_382010,NA,整数型（Integer）
A37,8,高校生徒数（H12）,A37_392000,NA,整数型（Integer）
A37,8,高校生徒数（H22）,A37_392010,NA,整数型（Integer）
A37,8,最寄空港までのアクセス時間（起点の施設名）,A37_400001,NA,文字列型（CharacterString）
A37,8,最寄空港までのアクセス時間（終点の施設名）,A37_400002,NA,文字列型（CharacterString）
A37,8,最寄空港までのアクセス時間（平均所要時間）,A37_400003,NA,整数型（Integer）
A37,8,最寄新幹線停車駅までのアクセス時間（起点の施設名）,A37_410001,NA,文字列型（CharacterString）
A37,8,最寄新幹線停車駅までのアクセス時間（終点の施設名）,A37_410002,NA,文字列型（CharacterString）
A37,8,最寄新幹線停車駅までのアクセス時間（平均所要時間）,A37_410003,NA,整数型（Integer）
A37,8,最寄ICまでのアクセス時間（起点の施設名）,A37_420001,NA,文字列型（CharacterString）
A37,8,最寄ICまでのアクセス時間（終点の施設名）,A37_420002,NA,文字列型（CharacterString）
A37,8,最寄ICまでのアクセス時間（平均所要時間）,A37_420003,NA,整数型（Integer）
A38,1,医療圏（面）,NA,NA,面型（GM_Surface）
A38,2,行政区域コード,A38a_001,NA,コードリスト「行政コード」
A38,2,市区町村名,A38a_002,NA,文字列型(CharacterString)
A38,2,二次医療圏コード,A38a_003,NA,文字列型(CharacterString)
A38,2,二次医療圏名,A38a_004,NA,文字列型(CharacterString)
A38,2,設定フラグ,A38a_005,NA,コードリスト「設定フラグ」
A38,2,行政区域コード,A38b_001,NA,コードリスト「行政コード」
A38,2,市区町村名,A38b_002,NA,文字列型(CharacterString)
A38,2,二次医療圏コード,A38b_003,NA,文字列型(CharacterString)
A38,2,二次医療圏名,A38b_004,NA,文字列型(CharacterString)
A38,2,面積（医療計画）,A38b_005,NA,実数型(Real)
A38,2,面積（国土地理院）,A38b_006,NA,実数型(Real)
A38,2,人口（医療計画）,A38b_007,NA,整数型(Integer)
A38,2,総人口（住民基本台帳）,A38b_008,NA,整数型(Integer)
A38,2,人口（15才未満）（住民基本台帳）,A38b_009,NA,整数型(Integer)
A38,2,人口（15才以上65才未満）（住民基本台帳）,A38b_010,NA,整数型(Integer)
A38,2,人口（65才以上）（住民基本台帳）,A38b_011,NA,整数型(Integer)
A38,2,都道府県名,A38c_001,NA,文字列型(CharacterString)
A38,2,三次医療圏名,A38c_002,NA,文字列型(CharacterString)
A39,1,都道府県コード,A39_001,NA,都道府県コード
A39,1,行政コード,A39_002,NA,行政コード
A39,1,市区町村名,A39_003,NA,文字列型(CharacterString)
A39,1,地区ID,A39_004,NA,整数型(Integer)
A39,1,地区分割フラグ,A39_005,NA,整数型(Integer)
A39,1,地区名,A39_006,NA,文字列型(CharacterString)
A39,1,地区面積,A39_007,NA,実数型(Real)
A39,1,所在地,A39_008,NA,文字列型(CharacterString)
A39,1,地区人口a,A39_009,NA,整数型(Integer)
A39,1,地区人口b,A39_010,NA,整数型(Integer)
A39,1,地区世帯数a,A39_011,NA,整数型(Integer)
A39,1,地区世帯数b,A39_012,NA,整数型(Integer)
A39,1,建物総棟数a,A39_013,NA,整数型(Integer)
A39,1,建物総棟数b,A39_014,NA,整数型(Integer)
A39,1,木造建物棟数,A39_015,NA,整数型(Integer)
A39,1,裸木造建物棟数,A39_016,NA,整数型(Integer)
A39,1,防火木造建物棟数,A39_017,NA,整数型(Integer)
A39,1,準耐火木造建物棟数,A39_018,NA,整数型(Integer)
A39,1,耐火木造建物棟数,A39_019,NA,整数型(Integer)
A39,1,不燃領域率,A39_020,NA,実数型(Real)
A39,1,不燃領域率定義,A39_021,NA,不燃領域率定義コード
A39,1,木防率,A39_022,NA,実数型(Real)
A39,1,調査年度,A39_023,NA,文字列型(CharacterString)
A39,1,75歳以上高齢者数,A39_024,NA,整数型(Integer)
A39,1,防災再開発促進地区指定,A39_025,NA,防災再開発促進地区指定コード
A40,1,津波浸水想定（面）,NA,NA,曲面型（GM_Surface）
A40,2,都道府県名,A40_001,NA,文字列型（CharacterString）
A40,2,都道府県コード,A40_002,NA,整数型（Integer）
A40,2,津波浸水深の区分,A40_003,NA,文字列型（CharacterString）
C02,1,地点,NA,NA,点型（GM_Point）
C02,1,種別（1）,NA,NA,コードリスト「港湾種別（1）コード」
C02,1,種別（2）,NA,NA,コードリスト「港湾種別（2）コード」
C02,1,行政区域コード,NA,NA,コードリスト「行政コード」
C02,1,港湾コード,NA,NA,整数型
C02,1,港湾名,NA,NA,文字列型
C02,1,管理者区分,NA,NA,コードリスト「港湾管理者区分コード」
C02,1,管理者名,NA,NA,文字列型
C02,1,政令指定年月日,NA,NA,時間型（TM_Instant）※西暦で、4桁の「年」、2桁の「月」及び「日」を記述する。
C02,1,設立年月日,NA,NA,時間型（TM_Instant）※西暦で、4桁の「年」、2桁の「月」及び「日」を記述する。
C02,1,海事機関種別,NA,NA,コードリスト「海事機関種別コード」
C02,1,外郭施設延長,NA,NA,整数型
C02,1,係留施設延長,NA,NA,整数型
C02,1,フェリー便有無,NA,NA,真偽値型
C02,2,場所,NA,NA,曲線型（GM_Curve）
C02,2,県コード,NA,NA,コードリスト「都道府県コード」
C02,2,港湾コード,NA,NA,整数型
C02,3,場所,NA,NA,曲線型（GM_Curve）
C02,3,県コード,NA,NA,コードリスト「都道府県コード」
C02,3,港湾コード,NA,NA,整数型
C09,1,地点,NA,NA,点型（GM_Point）
C09,1,漁港コード,NA,NA,整数型
C09,1,漁港名,NA,NA,文字列型
C09,1,行政区域コード,NA,NA,コードリスト「行政コード」
C09,1,種別,NA,NA,コードリスト「漁港種別コード」
C09,1,管理者区分,NA,NA,コードリスト「漁業管理者区分コード」
C09,1,管理者名,NA,NA,文字列型
C09,1,指定年月日,NA,NA,時間型（TM_Instant）※西暦で、4桁の「年」、2桁の「月」及び「日」を記述する。
C09,1,関係漁業協同組合,NA,NA,文字列型
C09,1,外郭施設延長,NA,NA,整数型
C09,1,係留施設延長,NA,NA,整数型
C09,2,場所,NA,NA,曲線型（GM_Curve）
C09,2,県コード,NA,NA,コードリスト「都道府県コード」
C09,2,漁港番号,NA,NA,整数型
C23,1,場所,NA,NA,曲線型（GM_Curve）
C23,1,行政区域コード,NA,NA,コードリスト「行政コード」
C23,1,所管官庁,NA,NA,コードリスト「所管官庁コード」
C23,1,海岸保全区域番号,NA,NA,整数型　※不明の場合、“9999”とする。
C23,1,海岸保全区域・海岸名,NA,NA,文字列型
C23,1,海岸保全区域・海岸管理者,NA,NA,コードリスト「海岸保全区域・海岸管理者コード」
C23,1,海岸保全区域・海岸管理者名,NA,NA,文字列型
C23,1,河口,NA,NA,真偽値型（true：河口部、false：その他）
C28,1,場所,NA,NA,曲面型（GM_Surface）
C28,1,行政区域コード,C28_001,NA,コードリスト「行政コード」
C28,1,種別,C28_003,NA,コードリスト「空港種別コード」
C28,1,供用中・建設中の区別,C28_004,NA,列挙型（供用中=1、建設中=2、休止中=3）
C28,1,名称,C28_005,NA,文字列型
C28,1,設置者,C28_006,NA,コードリスト「設置者・管理者コード」
C28,1,管理者,C28_007,NA,コードリスト「設置者・管理者コード」
C28,1,特定飛行場の指定状況,C28_008,NA,列挙型（「公共用飛行場周辺における航空機騒音による障害の防止等に関する法律」に基づく特定飛行場で、かつ周辺整備空港に指定されている場合=1、周辺整備空港に指定されていない特定飛行場=2、特定飛行場以外=3、未定=4）
C28,1,運用時間（開始）,C28_009,NA,順序型（整数型の配列）記述例）0730（7時30分の場合）記述例）0000（0時0分の場合）※運用時間が24時間の場合、開始時間は0時0分とする。
C28,1,運用時間（終了）,C28_010,NA,"順序型（整数型の配列）記述例）2130（21時30分の場合）記述例）2400（24時0分の場合）
※運用時間が24時間の場合、終了時刻は24時0分とする。"
C28,1,定期便の有無,C28_011,NA,コードリスト「定期便の有無コード」
C28,2,ターミナルビル,NA,NA,地物「ターミナルビル」
C28,2,標点,NA,NA,地物「標点」
C28,2,滑走路,NA,NA,地物「滑走路」
C28,2,調査内容,NA,NA,タイプ型「調査内容」
C28,3,地点,NA,NA,点型（GM_Point）
C28,4,地点,NA,NA,点型（GM_Point）
C28,5,滑走路延長,C28_012,NA,文字列型
C28,5,滑走路幅,C28_013,NA,文字列型
C28,6,調査年,C28_014,NA,時間型（TM_Instant） ※西暦で「年」のみを記述する。
C28,6,１日あたりの着陸回数,C28_015,NA,整数型
C28,6,１日あたりの乗降客数,C28_016,NA,整数型
G02,1,3次メッシュコード,NA,NA,文字列型(CharacterString)
G02,1,1月降水量,NA,NA,整数型(Integer)
G02,1,2月降水量,NA,NA,整数型(Integer)
G02,1,3月降水量,NA,NA,整数型(Integer)
G02,1,4月降水量,NA,NA,整数型(Integer)
G02,1,5月降水量,NA,NA,整数型(Integer)
G02,1,6月降水量,NA,NA,整数型(Integer)
G02,1,7月降水量,NA,NA,整数型(Integer)
G02,1,8月降水量,NA,NA,整数型(Integer)
G02,1,9月降水量,NA,NA,整数型(Integer)
G02,1,10月降水量,NA,NA,整数型(Integer)
G02,1,11月降水量,NA,NA,整数型(Integer)
G02,1,12月降水量,NA,NA,整数型(Integer)
G02,1,年降水量,NA,NA,整数型(Integer)
G02,1,1月気温,NA,NA,整数型(Integer)
G02,1,2月気温,NA,NA,整数型(Integer)
G02,1,3月気温,NA,NA,整数型(Integer)
G02,1,4月気温,NA,NA,整数型(Integer)
G02,1,5月気温,NA,NA,整数型(Integer)
G02,1,6月気温,NA,NA,整数型(Integer)
G02,1,7月気温,NA,NA,整数型(Integer)
G02,1,8月気温,NA,NA,整数型(Integer)
G02,1,9月気温,NA,NA,整数型(Integer)
G02,1,10月気温,NA,NA,整数型(Integer)
G02,1,11月気温,NA,NA,整数型(Integer)
G02,1,12月気温,NA,NA,整数型(Integer)
G02,1,年平均気温,NA,NA,整数型(Integer)
G02,1,1月最深積雪,NA,NA,整数型(Integer)
G02,1,2月最深積雪,NA,NA,整数型(Integer)
G02,1,3月最深積雪,NA,NA,整数型(Integer)
G02,1,12月最深積雪,NA,NA,整数型(Integer)
G02,1,年最深積雪,NA,NA,整数型(Integer)
G02,1,1月日照時間,NA,NA,整数型(Integer)
G02,1,2月日照時間,NA,NA,整数型(Integer)
G02,1,3月日照時間,NA,NA,整数型(Integer)
G02,1,4月日照時間,NA,NA,整数型(Integer)
G02,1,5月日照時間,NA,NA,整数型(Integer)
G02,1,6月日照時間,NA,NA,整数型(Integer)
G02,1,7月日照時間,NA,NA,整数型(Integer)
G02,1,8月日照時間,NA,NA,整数型(Integer)
G02,1,9月日照時間,NA,NA,整数型(Integer)
G02,1,10月日照時間,NA,NA,整数型(Integer)
G02,1,11月日照時間,NA,NA,整数型(Integer)
G02,1,12月日照時間,NA,NA,整数型(Integer)
G02,1,年合計日照時間,NA,NA,整数型(Integer)
G02,1,1月全天日射量,NA,NA,整数型(Integer)
G02,1,2月全天日射量,NA,NA,整数型(Integer)
G02,1,3月全天日射量,NA,NA,整数型(Integer)
G02,1,4月全天日射量,NA,NA,整数型(Integer)
G02,1,5月全天日射量,NA,NA,整数型(Integer)
G02,1,6月全天日射量,NA,NA,整数型(Integer)
G02,1,7月全天日射量,NA,NA,整数型(Integer)
G02,1,8月全天日射量,NA,NA,整数型(Integer)
G02,1,9月全天日射量,NA,NA,整数型(Integer)
G02,1,10月全天日射量,NA,NA,整数型(Integer)
G02,1,11月全天日射量,NA,NA,整数型(Integer)
G02,1,12月全天日射量,NA,NA,整数型(Integer)
G02,1,年平均全天日射量,NA,NA,整数型(Integer)
G04-a,1,3次メッシュコード,G04a_001,NA,文字列型（CharacterString）
G04-a,1,平均標高,G04a_002,NA,実数型（Real）※整備データが存在しない場合、“unkown”とする。
G04-a,1,最高標高,G04a_003,NA,実数型（Real）※整備データが存在しない場合、“unkown”とする。
G04-a,1,最低標高,G04a_004,NA,実数型（Real）※整備データが存在しない場合、“unkown”とする。
G04-a,1,最低標高コード,G04a_005,NA,コードリスト型（海面下=5、その他=0）
G04-a,1,最大傾斜角度,G04a_006,NA,実数型（Real）※整備データが存在しない場合、“unkown”とする。
G04-a,1,最大傾斜方向,G04a_007,NA,コードリスト型（0=方向なし、1=北、2=北東、3=東、4=東南、5=南、6=南西、7=西、8=北西）※整備データが存在しない場合、“unkown”とする。
G04-a,1,最小傾斜角度,G04a_008,NA,実数型（Real）※整備データが存在しない場合、“unkown”とする。
G04-a,1,最小傾斜方向,G04a_009,NA,コードリスト型（0=方向なし、1=北、2=北東、3=東、4=東南、5=南、6=南西、7=西、8=北西）※整備データが存在しない場合、“unkown”とする。
G04-a,1,平均傾斜角度,G04a_010,NA,実数型（Real）※整備データが存在しない場合、“unkown”とする。
G04-c,1,4次メッシュコード,G04c_001,NA,文字列型（CharacterString）
G04-c,1,平均標高,G04c_002,NA,実数型（Real）※整備データが存在しない場合、“unkown”とする。
G04-c,1,最高標高,G04c_003,NA,実数型（Real）※整備データが存在しない場合、“unkown”とする。
G04-c,1,最低標高,G04c_004,NA,実数型（Real）※整備データが存在しない場合、“unkown”とする。
G04-c,1,最低標高コード,G04c_005,NA,コードリスト型（海面下=5、その他=0）
G04-c,1,最大傾斜角度,G04c_006,NA,実数型（Real）※整備データが存在しない場合、“unkown”とする。
G04-c,1,最大傾斜方向,G04c_007,NA,コードリスト型（0=方向なし、1=北、2=北東、3=東、4=東南、5=南、6=南西、7=西、8=北西）※整備データが存在しない場合、“unkown”とする。
G04-c,1,最小傾斜角度,G04c_008,NA,実数型（Real）※整備データが存在しない場合、“unkown”とする。
G04-c,1,最小傾斜方向,G04c_009,NA,コードリスト型（0=方向なし、1=北、2=北東、3=東、4=東南、5=南、6=南西、7=西、8=北西）※整備データが存在しない場合、“unkown”とする。
G04-c,1,平均傾斜角度,G04c_010,NA,実数型（Real）※整備データが存在しない場合、“unkown”とする。
G04-d,1,5次メッシュコード,G04d_001,NA,文字列型（CharacterString）
G04-d,1,平均標高,G04d_002,NA,実数型（Real）※整備データが存在しない場合、“unkown”とする。
G04-d,1,最高標高,G04d_003,NA,実数型（Real）※整備データが存在しない場合、“unkown”とする。
G04-d,1,最低標高,G04d_004,NA,実数型（Real）※整備データが存在しない場合、“unkown”とする。
G04-d,1,最低標高コード,G04d_005,NA,コードリスト型（海面下=5、その他=0）
G04-d,1,最大傾斜角度,G04d_006,NA,実数型（Real）※整備データが存在しない場合、“unkown”とする。
G04-d,1,最大傾斜方向,G04d_007,NA,コードリスト型（0=方向なし、1=北、2=北東、3=東、4=東南、5=南、6=南西、7=西、8=北西）※整備データが存在しない場合、“unkown”とする。
G04-d,1,最小傾斜角度,G04d_008,NA,実数型（Real）※整備データが存在しない場合、“unkown”とする。
G04-d,1,最小傾斜方向,G04d_009,NA,コードリスト型（0=方向なし、1=北、2=北東、3=東、4=東南、5=南、6=南西、7=西、8=北西）※整備データが存在しない場合、“unkown”とする。
G04-d,1,平均傾斜角度,G04d_010,NA,実数型（Real）※整備データが存在しない場合、“unkown”とする。
G08,1,面積,G08_001,NA,実数型(Real)
G08,1,最大浸水深,G08_002,NA,実数型(Real)
G08,1,参照資料コード,G08_003,NA,参照資料コード
L01,1,標準地コード_見出し番号,NA,NA,コードリスト「見出し番号」
L01,1,標準地コード_一連番号,NA,NA,文字列型(CharacterString)
L01,1,前年度標準地コード_見出し番号,NA,NA,コードリスト「見出し番号」
L01,1,前年度標準地コード_一連番号,NA,NA,文字列型(CharacterString)
L01,1,年度,NA,NA,時間型（TM_Instant）
L01,1,地点,NA,NA,点型（GM_Point）
L01,1,公示価格,NA,NA,整数型（Integer）
L01,1,属性移動_選定状況,NA,NA,コードリスト「選定状況」
L01,1,属性移動_住居漢字,NA,NA,真偽値型（Boolean）
L01,1,属性移動_地積,NA,NA,真偽値型（Boolean）
L01,1,属性移動_利用の現況,NA,NA,真偽値型（Boolean）
L01,1,属性移動_建物構造,NA,NA,真偽値型（Boolean）
L01,1,属性移動_供給施設,NA,NA,真偽値型（Boolean）
L01,1,属性移動_駅からの距離,NA,NA,真偽値型（Boolean）
L01,1,属性移動_法規制,NA,NA,真偽値型（Boolean）
L01,1,属性移動_建ぺい率,NA,NA,真偽値型（Boolean）
L01,1,属性移動_容積率,NA,NA,真偽値型（Boolean）
L01,1,標準地行政区域コード,NA,NA,コードリスト「行政コード」
L01,1,標準地市区町村名称,NA,NA,文字列型(CharacterString)
L01,1,住居表示,NA,NA,文字列型(CharacterString)
L01,1,地積,NA,NA,整数型（Integer)
L01,1,利用現況,NA,NA,列挙型（住宅、店舗、事務所、銀行、旅館、給油所、工場、倉庫、農地、山林、医院、空地、作業場、原野、その他、用材、雑木）
L01,1,利用状況表示,NA,NA,文字列型(CharacterString)
L01,1,建物構造,NA,NA,文字列型(CharacterString)
L01,1,供給施設有無（水道）,NA,NA,真偽値型（Boolean）
L01,1,供給施設有無（ガス）,NA,NA,真偽値型（Boolean）
L01,1,供給施設有無（下水）,NA,NA,真偽値型（Boolean）
L01,1,形状,NA,NA,文字列型(CharacterString)
L01,1,間口比率,NA,NA,実数型（Real）
L01,1,奥行比率,NA,NA,実数型（Real）
L01,1,地上階層,NA,NA,整数型（Integer）
L01,1,地下階層,NA,NA,整数型（Integer）
L01,1,前面道路状況,NA,NA,文字列型(CharacterString)
L01,1,前面道路の方位,NA,NA,文字列型(CharacterString)
L01,1,前面道路の幅員,NA,NA,実数型（Real）
L01,1,前面道路の駅前状況,NA,NA,文字列型(CharacterString)
L01,1,前面道路の舗装状況,NA,NA,文字列型(CharacterString)
L01,1,側道状況,NA,NA,文字列型(CharacterString)
L01,1,側道の方位,NA,NA,文字列型(CharacterString)
L01,1,交通施設との近接状況,NA,NA,文字列型(CharacterString)
L01,1,周辺の土地利用の状況,NA,NA,文字列型(CharacterString)
L01,1,駅名,NA,NA,文字列型(CharacterString)
L01,1,駅からの距離,NA,NA,整数型（Integer）
L01,1,法規制,NA,NA,"列挙型（1低専：第一種低層住居専用地域、
　2低専：第二種低層住居専用地域、
　1中専：第一種中高層住居専用地域、
　2中専：第二種中高層住居専用地域、
　1住居：第一種住居地域、
　2住居：第二種住居地域、
　準住居：準住居地域、
　近商：近隣商業地域、
　商業：商業地域、
　準工：準工業地域、
　工業：工業地域、
　工専：工業専用地域、
　防火：防火地域、
　準防：準防火地域、
　調区：市街化調整区域、
　都市：市街化区域及び市街化調整区域以外の都市計画区域、
　都計外：都市計画区域外、
　準都計：準都市計画区域、
　地森計：地域森林計画対象区域、
　国立公：国立公園地域、
　国定公：国定公園区域、
　国定公（3種）:国定公園第三種特別区域、
　1住専:第一種住居専用地域、
　2住専:第二種住居専用地域、
　住居:住居地域、
　住専:住居専用地域）"
L01,1,建ぺい率,NA,NA,整数型（Integer）
L01,1,容積率,NA,NA,整数型（Integer）
L01,1,共通地点,NA,NA,真偽値型（Boolean）
L01,1,選定年次ビット,NA,NA,文字列型(CharacterString)
L01,1,S58調査価格,NA,NA,整数型（Integer）
L01,1,S58調査価格,NA,NA,同上
L01,1,属性移動S59,NA,NA,文字列型(CharacterString)
L01,1,属性移動S60,NA,NA,同上
L02,1,基準地コード_見出し番号,NA,NA,コードリスト「見出し番号」
L02,1,基準地コード_一連番号,NA,NA,文字列型（CharacterString）
L02,1,前年度基準地コード_見出し番号,NA,NA,コードリスト「見出し番号」
L02,1,前年度基準地コード_一連番号,NA,NA,文字列型（CharacterString）
L02,1,年度,NA,NA,時間型（TM_Instant）※西暦で、「年」のみを記述する.
L02,1,地点,NA,NA,点型（GM_Point）
L02,1,調査価格,NA,NA,整数型（Integer）
L02,1,属性移動_選定状況,NA,NA,コードリスト「選定状況」
L02,1,属性移動_住居漢字,NA,NA,真偽値型（Boolean）
L02,1,属性移動_地積,NA,NA,真偽値型（Boolean）
L02,1,属性移動_利用の現況,NA,NA,真偽値型（Boolean）
L02,1,属性移動_建物構造,NA,NA,真偽値型（Boolean）
L02,1,属性移動_供給施設,NA,NA,真偽値型（Boolean）
L02,1,属性移動_駅からの距離,NA,NA,真偽値型（Boolean）
L02,1,属性移動_法規制,NA,NA,真偽値型（Boolean）
L02,1,属性移動_建ぺい率,NA,NA,真偽値型（Boolean）
L02,1,属性移動_容積率,NA,NA,真偽値型（Boolean）
L02,1,基準地行政区域コード,NA,NA,コードリスト「行政コード」
L02,1,基準地市区町村名称,NA,NA,文字列型（CharacterString）
L02,1,住居表示,NA,NA,文字列型（CharacterString）
L02,1,地積,NA,NA,整数型（Integer）
L02,1,利用現況,NA,NA,列挙型（住宅、店舗、事務所、銀行、旅館、給油所、工場、倉庫、農地、山林、医院、空地、作業場、原野、その他、用材、雑木）
L02,1,利用状況表示,NA,NA,文字列型（CharacterString）
L02,1,建物構造,NA,NA,文字列型（CharacterString）
L02,1,供給施設有無（水道）,NA,NA,真偽値型（Boolean）
L02,1,供給施設有無（ガス）,NA,NA,真偽値型（Boolean）
L02,1,供給施設有無（下水）,NA,NA,真偽値型（Boolean）
L02,1,形状,NA,NA,文字列型（CharacterString）
L02,1,間口比率,NA,NA,実数型（Real）
L02,1,奥行比率,NA,NA,実数型（Real）
L02,1,地上階層,NA,NA,"整数型（Integer）　※不明・林地の場合、""0""を記述する."
L02,1,地下階層,NA,NA,"整数型（Integer）　※不明・林地の場合、""0""を記述する."
L02,1,前面道路状況,NA,NA,文字列型（CharacterString）
L02,1,前面道路の方位,NA,NA,文字列型（CharacterString）
L02,1,前面道路の幅員,NA,NA,"実数型（Real）　※駅前広場の場合、""999.9""を記述する."
L02,1,前面道路の舗装状況,NA,NA,文字列型（CharacterString）
L02,1,側道状況,NA,NA,文字列型（CharacterString）
L02,1,側道の方位,NA,NA,文字列型（CharacterString）
L02,1,周辺の土地利用の状況,NA,NA,文字列型（CharacterString）
L02,1,駅名,NA,NA,文字列型（CharacterString）
L02,1,駅からの距離,NA,NA,整数型（Integer）　※近接の場合、“0”を記述する.
L02,1,法規制,NA,NA,"列挙型（1低専：第一種低層住居専用地域、2低専：第二種低層住居専用地域、
1中専：第一種中高層住居専用地域、2中専：第二種中高層住居専用地域、1住居：第一種住居地域、
2住居：第二種住居地域、準住居：準住居地域、近商：近隣商業地域、商業：商業地域、
準工：準工業地域、工業：工業地域、工専：工業専用地域、防火：防火地域、準防：準防火地域、
調区：市街化調整区域、都市：市街化区域及び市街化調整区域以外の都市計画区域、都計外：都市計画区域外、
準都計：準都市計画区域、地森計：地域森林計画対象区域、国立公：国立公園地域、国定公：国定公園区域）"
L02,1,建ぺい率,NA,NA,整数型（Integer）
L02,1,容積率,NA,NA,整数型（Integer）
L02,1,共通地点,NA,NA,真偽値型（Boolean）
L02,1,選定年次ビット,NA,NA,文字列型（CharacterString）
L02,1,S58調査価格,NA,NA,整数型（Integer）　※林地の場合、単位を[円/10a]とする.
L02,1,S59調査価格,NA,NA,同上
L02,1,属性移動S59,NA,NA,文字列型（CharacterString）
L02,1,属性移動S60,NA,NA,同上
L03-a,1,（田、森林、建物用地などの各利用区分が属性名となる。）※整備年度により異なる。※利用区分については、コードリスト「土地利用種別　（昭和51年度・昭和62年度・平成3年度、9年度、18年度・平成21年度、26年度）」を参照。,NA,NA,整数型（Integer）
L03-b-u,1,土地利用種別,NA,NA,コードリスト「土地利用種別」土地利用種別
L03-b,1,土地利用種別,NA,NA,"コードリスト「土地利用種別」※整備年度により異なる。土地利用種別(昭和51年度)土地利用種別(昭和62年度)土地利用種別(平成3年度、9年度、18年度、

21年度、26年度)"
L05,1,工業用地,NA,NA,曲面型（GM_Surface）
L05,2,工業用地ID,L01_001,NA,整数型（Integer）
L05,2,工業用地名,L01_002,NA,文字列型(CharacterString)
L05,2,行政コード,L01_003,NA,コードリスト「行政コード」
L05,2,市区町村名,L01_004,NA,文字列型(CharacterString)
L05,2,臨海・内陸区分コード,L01_005,NA,コードリスト「臨海・内陸区分コード」
L05,2,特記事項,L01_006,NA,文字列型(CharacterString)
L05,3,事業主体名,L01_007,NA,文字列型(CharacterString)
L05,3,事業完了年,L01_008,NA,時間型（TM_Instant）
L05,3,全体開発面積,L01_009,NA,実数型（Real）
L05,3,工業用地面積,L01_010,NA,実数型（Real）
L05,3,未利用面積,L01_011,NA,実数型（Real）
L05,3,用途地域コード,L01_013,NA,コードリスト「用途地域コード」
L05,3,立地企業数,L01_014,NA,整数型（Integer）
L05,3,立地企業名1〜10,L01_015,NA,文字列型(CharacterString)
L05,4,業種,L01_016,NA,文字列型(CharacterString)
N02,1,場所,NA,NA,曲線型（GM_Curve）
N02,1,鉄道区分,N02_001,NA,コードリスト「鉄道区分コード」
N02,1,事業者種別,N02_002,NA,コードリスト「事業者種別コード」
N02,1,路線名,N02_003,NA,文字列型
N02,1,運営会社,N02_004,NA,文字列型
N02,2,駅,NA,NA,地物「駅」
N02,3,駅名,N02_005,NA,文字列型
N02,4,鉄道区間,NA,NA,地物「鉄道区間」
N03,1,範囲,NA,NA,曲面型（GM_Surface）
N03,1,都道府県名,N03_001,NA,文字列型(CharacterString)
N03,1,支庁・振興局名,N03_002,NA,文字列型(CharacterString)
N03,1,郡・政令都市名,N03_003,NA,文字列型(CharacterString)
N03,1,市区町村名,N03_004,NA,文字列型(CharacterString)
N03,1,行政区域コード,N03_007,NA,コードリスト「行政コード」
N04,1,1km2当りの道路延長(幅員25.0m)以上)※平成22年版のみ,NA,NA,整数型0以上99999以下
N04,1,1km2当りの道路延長(幅員19.5m以上25.0m未満)※平成22年版のみ,NA,NA,整数型0以上99999以下
N04,1,1km2当りの道路延長(幅員13.0m(11.0m)以上19.5m未満)※平成22年版のみ,NA,NA,整数型0以上99999以下
N04,1,1km2当りの道路延長(幅員13.0m(11.0m)以上で幅員不明)※平成22年版のみ,NA,NA,整数型0以上99999以下
N04,1,1km2当りの道路延長(幅員13.0m(11.0m)以上)※平成14〜16年版のみ,NA,NA,整数型0以上99999以下
N04,1,1km2当りの道路延長(幅員5.5m以上13.0m(11.0m)未満),NA,NA,整数型0以上99999以下
N04,1,1km2当りの道路延長(幅員3.0m(2.5m)以上5.5m未満),NA,NA,整数型0以上99999以下
N04,1,1km2当りの道路延長(幅員3.0m(2.5m)未満),NA,NA,整数型0以上99999以下
N04,1,1km2当りの道路延長(幅員未調査),NA,NA,整数型0以上99999以下
N04,1,1km2当りの道路延長(幅員合計),NA,NA,整数型0以上99999以下
N04,1,3次メッシュの面積,NA,NA,実数型
N04,2,幅員,NA,NA,"列挙型（平成14〜16年版）1：幅員13.0m(11.0m)以上、2：幅員5.5m以上13.0m(11.0m)未満、3：幅員3.0m(2.5m)以上5.5m未満、
    4：幅員3.0m(2.5m)未満、5：幅員未調査、6：幅員合計（平成22年版）1：幅員25.0m以上、2：幅員19.5m以上25.0m未満、
    3：幅員13.0m(11.0m)以上19.5m未満、4：幅員13.0m（11.0m）以上で幅員不明、5：幅員5.5m以上13.0m(11.0m)未満、
    6：幅員3.0m(2.5m)以上5.5m未満、7：幅員3.0m(2.5m)未満、8：幅員未調査、9：幅員合計"
N04,2,道路密度_左,NA,NA,整数型　0以上99以下
N04,2,道路密度_上,NA,NA,整数型　0以上99以下
N04,2,道路密度_右,NA,NA,整数型　0以上99以下
N04,2,道路密度_下,NA,NA,整数型　0以上99以下
N04,2,実延長,NA,NA,整数型　0以上99999以下
N05,1,事業者種別,N05_001,NA,コードリスト「事業者種別コード」
N05,1,路線名,N05_002,NA,文字列型(CharacterString)
N05,1,運営会社,N05_003,NA,文字列型(CharacterString)
N05,1,供用開始年,N05_004,NA,時間型（TM_Instant）
N05,1,関係ID,N05_006,NA,文字列型(CharacterString)
N05,1,変遷ID,N05_007,NA,コードリスト「変遷IDコード」
N05,1,変遷備考,N05_008,NA,文字列型(CharacterString)
N05,1,備考,N05_009,NA,文字列型(CharacterString)
N05,2,路線,NA,NA,曲線型（GM_Curve）
N05,2,関係備考,N05_010,NA,文字列型(CharacterString)
N05,3,地点,NA,NA,点型（GM_Point）
N05,3,駅名,N05_011,NA,文字列型(CharacterString)
N06,1,路線,NA,NA,曲線型（GM_Curve）
N06,1,供用開始年,N06_001,NA,時間型（TM_Instant）
N06,1,設置期間(開始年),N06_002,NA,時間型（TM_Period）
N06,1,設置期間(終了年),N06_003,NA,時間型（TM_Period）
N06,1,関係ID,N06_004,NA,文字列型（CharacterString）
N06,1,変遷ID,N06_005,NA,コードリスト「変遷IDコード」
N06,1,変遷備考,N06_006,NA,文字列型（CharacterString）
N06,1,路線名,N06_007,NA,文字列型（CharacterString）
N06,1,路線種別,N06_008,NA,コードリスト「路線種別コード」
N06,1,供用状況,N06_009,NA,コードリスト「供用状況コード」
N06,1,車線数,N06_010,NA,整数型（Integer）
N06,1,関係備考,N06_011,NA,文字列型（CharacterString）
N06,2,地点,NA,NA,点型（GM_Point）
N06,2,供用開始年,N06_012,NA,時間型（TM_Instant）
N06,2,設置期間(開始年),N06_013,NA,時間型（TM_Period）
N06,2,設置期間(終了年),N06_014,NA,時間型（TM_Period）
N06,2,関係ID,N06_015,NA,文字列型（CharacterString）
N06,2,変遷ID,N06_016,NA,コードリスト「変遷IDコード」
N06,2,変遷備考,N06_017,NA,文字列型（CharacterString）
N06,2,地点名,N06_018,NA,文字列型（CharacterString）
N06,2,接合部種別,N06_019,NA,コードリスト「接合部種別コード」
N07,1,路線,NA,NA,線型（GM_Curve）
N07,1,バス区分,N07_001,NA,コードリスト「バス区分コード」
N07,1,事業者名,N07_002,NA,文字列型
N07,1,バス系統,N07_003,NA,文字列型
N07,1,平日運行頻度,N07_004,NA,実数型
N07,1,土曜日運行頻度,N07_005,NA,実数型
N07,1,日祝日運行頻度,N07_006,NA,実数型
N07,1,備考,N07_007,NA,文字列型
N08,1,空港区域,NA,NA,曲面型（GM_Surface）
N08,1,行政区域,N08_001,NA,コードリスト「行政コード」
N08,1,空港種別,N08_002,NA,コードリスト「空港種別コード」
N08,1,空港名称,N08_003,NA,文字列型（CharacterString）
N08,1,設置者,N08_004,NA,コードリスト「設置者・管理者コード」
N08,1,管理者,N08_005,NA,コードリスト「設置者・管理者コード」
N08,1,滑走路本数,N08_006,NA,整数型（Integer）
N08,1,滑走路延長,N08_007,NA,整数型（Integer）
N08,1,運用時間（開始）,N08_008,NA,"順序型（整数型の配列）記述例）　07 30　（7時30分の場合）

記述例）　00 00　（0時0分の場合）※運用時間が24時間の場合、開始時間は「00 00」とする。

※供用開始前の空港は「00 00」とする※不明な場合は「99 99」とする。"
N08,1,運用時間（終了）,N08_009,NA,"順序型（整数型の配列）記述例）　21 30　（21時30分の場合）

記述例）　24 00　（24時0分の場合）※運用時間が24時間の場合、終了時間は「24 00」とする。

※供用開始前の空港は「00 00」とする※不明な場合は「99 99」とする。"
N08,1,定期便,N08_010,NA,コードリスト「定期便コード」
N08,1,ジェット化,N08_011,NA,コードリスト「ジェット化コード」
N08,1,供用開始年,N08_012,NA,時間型（TM_Instant）
N08,1,供用状況,N08_013,NA,コードリスト「供用状況コード」
N08,1,設置期間(開始年),N08_014,NA,時間型（TM_Instant）
N08,1,設置期間(終了年),N08_015,NA,時間型（TM_Instant）
N08,1,関係ID,N08_016,NA,文字列型（CharacterString）
N08,1,変遷ID,N08_017,NA,コードリスト「変遷IDコード」
N08,1,変遷備考,N08_018,NA,文字列型（CharacterString）
N08,2,地点,NA,NA,点型（GM_Point）
N08,2,空港名称,N08_019,NA,文字列型（CharacterString）
N08,2,供用開始年,N08_020,NA,時間型（TM_Instant）
N08,2,供用状況,N08_021,NA,コードリスト「供用状況コード」
N08,2,設置期間(開始年),N08_022,NA,時間型（TM_Instant）
N08,2,設置期間(終了年),N08_023,NA,時間型（TM_Instant）
N08,2,関係ID,N08_024,NA,文字列型（CharacterString）
N08,2,備考,N08_025,NA,文字列型（CharacterString）記述例）「標点位置は官報の座標（北緯XX°YY′ZZ″、東経XX°YY′ZZ″）から、現在の位置に移動した。」
N09,1,地点,NA,NA,点型 (GM　Point)
N09,1,港ID,N09_001,NA,文字列型
N09,1,都道府県名,N09_002,NA,文字列型
N09,1,島嶼名,N09_003,NA,文字列型
N09,1,港名,N09_004,NA,文字列型
N09,2,路線,NA,NA,線型(GM　Line)
N09,2,航路ID,N09_005,NA,文字列型
N09,2,航路名,N09_006,NA,文字列型
N09,2,航路の起終点,N09_007,NA,文字列型
N09,2,航路の総距離,N09_008,NA,実数型
N09,2,事業者名,N09_009,NA,文字列型
N09,2,航路線ID,N09_010,NA,文字列型
N09,2,港ID1,N09_011,NA,文字列型
N09,2,港1島嶼名,N09_012,NA,文字列型
N09,2,港名1,N09_013,NA,文字列型
N09,2,港ID2,N09_014,NA,文字列型
N09,2,港2島嶼名,N09_015,NA,文字列型
N09,2,港名2,N09_016,NA,文字列型
N09,2,航行している航種(フェリー),N09_017,NA,文字列型
N09,2,航行している航種(旅客船),N09_018,NA,文字列型
N09,2,航行している航種(高速船),N09_019,NA,文字列型
N09,2,航行している航種(ジェットフォイル),N09_020,NA,文字列型
N09,2,航行している航種(その他),N09_021,NA,文字列型
N09,2,便数（上り）,N09_022,NA,実数型
N09,2,便数（下り）,N09_023,NA,実数型
N09,2,所要時間（最短）,N09_024,NA,実数型
N09,2,所要時間（最長）,N09_025,NA,実数型
N09,2,標準ダイヤの運行期間,N09_026,NA,文字列型
N09,2,旅客定員（最大）,N09_027,NA,実数型
N09,2,旅客定員（最小）,N09_028,NA,実数型
N09,2,乗用車積載可能車両数,N09_029,NA,実数型
N09,2,トラック積載可能車両数,N09_030,NA,実数型
N10,1,緊急輸送道路,NA,NA,線型（GM_Curve）
N10,2,都道府県コード,N10_001,NA,コードリスト「都道府県コード」
N10,2,区分,N10_002,NA,コードリスト「緊急輸送道路区分コード」
N10,2,道路種別,N10_003,NA,コードリスト「道路種別コード」
N10,2,路線名称,N10_004,NA,文字列型(CharacterString)
N10,2,任意ID,N10_005,NA,数値型(Integer)
N10,2,枝ID,N10_006,NA,数値型(Integer)
N10,2,資料名称,N10_007,NA,文字列型(CharacterString)
N10,2,資料年月,N10_008,NA,文字列型(CharacterString)
N11,1,ヘリポート,NA,NA,点型（GM_Point）
N11,2,名称,N11_001,NA,文字列型(CharacterString)
N11,2,航空法分類,N11_002,NA,コードリスト「航空法分類コード」
N11,2,地域防災計画分類,N11_003,NA,文字列型(CharacterString)
N11,2,都道府県コード,N11_004,NA,コードリスト「都道府県コード」
N11,2,所在地,N11_005,NA,文字列型(CharacterString)
N11,2,管理者名,N11_006,NA,文字列型(CharacterString)
N11,2,滑走路面積,N11_007,NA,文字列型(CharacterString)
P02,1,行政区域コード,NA,NA,コードリスト「行政コード」
P02,1,公共施設大分類,NA,NA,コードリスト「公共施設大分類コード」
P02,1,公共施設小分類,NA,NA,コードリスト「公共施設小分類コード」
P02,1,名称,NA,NA,文字列型型
P02,1,所在地,NA,NA,文字列型
P02,1,管理者コード,NA,NA,コードリスト「公共施設管理者コード」
P02,1,原典資料名,NA,NA,文字列型
P03,1,位置,NA,NA,点型（GM_Point）
P03,1,事業者名等,P03_0001,NA,文字列型
P03,1,発電施設名称,P03_0002,NA,文字列型
P03,1,所在地,P03_0003,NA,文字列型
P03,1,既設・建設中区分,P03_0004,NA,コードリスト型「工事中コード」
P03,1,運転開始年月日,P03_0005,NA,"時間型（TM_Instant）
      ※西暦で、4桁の「年」、2桁の「月」及び「日」を記述する."
P03,1,出力,P03_0006,NA,実数型
P03,1,エネルギー認定_RPS法_認定日,P03_0007,NA,"時間型（TM_Instant）
      ※西暦で、4桁の「年」、2桁の「月」及び「日」を記述する"
P03,1,エネルギー認定_RPS法_発電出力,P03_0008,NA,整数型
P03,1,エネルギー認定_グリーン発電電力設備_認定日,P03_0009,NA,"時間型（TM_Instant）
      ※西暦で、4桁の「年」、2桁の「月」及び「日」を記述する"
P03,1,エネルギー認定_グリーン発電電力設備_設備容量,P03_0010,NA,実数型
P03,2,水系名,P03_0101,NA,文字列型
P03,2,型式,P03_0102,NA,"コードリスト型
      （水力発電型式コード）
      １：ダム式、２：水路式、３：ダム水路"
P03,3,水系名,P03_0201,NA,文字列型
P03,3,最大使用水量,P03_0202,NA,実数型
P03,3,最大有効落差,P03_0203,NA,実数型
P03,3,上池,P03_0204,NA,文字列型
P03,3,下池,P03_0205,NA,文字列型
P03,3,水車容量,P03_0206,NA,整数型
P03,3,水車形式,P03_0207,NA,列挙型（立軸、横軸、斜流型、フランシス型、ポンプ水車）
P03,3,水車台数,P03_0208,NA,整数型
P03,3,水力原動力,P03_0209,NA,"コードリスト型
      （水力原動力コード）
      １：混合揚水式水力
      ２：純揚水式水力"
P03,4,ID,P03_0301,NA,文字列型
P03,4,名称,P03_0302,NA,文字列型
P03,4,有効容量,P03_0303,NA,整数型
P03,4,利用水深,P03_0304,NA,実数型
P03,5,号機,P03_0401,NA,文字列型
P03,5,転換年月,P03_0402,NA,"時間型（TM_Instant）
      ※西暦で、4桁の「年」、2桁の「月」及び「日」を記述する"
P03,5,専・混焼の別,P03_0403,NA,列挙型(専焼、混焼、専混焼)
P03,5,火力原動力,P03_0404,NA,"コードリスト型
      火力原動力コード"
P03,5,混焼含有物,P03_0405,NA,列挙型(石炭、石炭（CWM）、原油、重油、軽油、灯油、残渣油、天然ガス、LNG（液化天然ガス）、LPG（液化石油ガス）、都市ガス、ミックスガス、ナフサ、COM（石炭石油混合燃料）、COG（石炭乾溜ガス）、BFG（高炉用ガス）、LDG（転炉ガス）、廃棄物、瀝青質混合物)
P03,5,排煙脱硫装置_脱硫方式,P03_0406,NA,文字列型
P03,5,排煙脱硫装置_処理ガス量,P03_0407,NA,実数型
P03,5,排煙脱硫装置_比率,P03_0408,NA,整数型
P03,5,排煙脱硝装置_処理ガス量,P03_0409,NA,実数型
P03,5,排煙脱硝装置_比率,P03_0410,NA,整数型
P03,6,蒸気供給部門,P03_0501,NA,文字列型
P03,6,号機,P03_0502,NA,文字列型
P03,7,号機,P03_0601,NA,文字列型
P03,7,炉型,P03_0602,NA,"コードリスト型
      炉型コード"
P03,7,電源開発基本計画 組入年月,P03_0603,NA,"時間型（TM_Instant）
      ※西暦で、4桁の「年」、2桁の「月」及び「日」を記述する"
P03,7,原子炉設置許可年月日,P03_0604,NA,"時間型（TM_Instant）
      ※西暦で、4桁の「年」、2桁の「月」及び「日」を記述する"
P03,7,第一回工事計画認可年月,P03_0605,NA,"時間型（TM_Instant）
      ※西暦で、4桁の「年」、2桁の「月」及び「日」を記述する"
P03,8,号機,P03_0701,NA,文字列型
P03,9,号機,P03_0801,NA,文字列型
P03,10,種別,P03_0901,NA,"コードリスト型
      バイオマス発電種別コード"
P04,1,地点,NA,NA,点型（GM_Point）
P04,1,医療機関分類,P04_001,NA,コードリスト「医療機関分類コード」
P04,1,施設名称,P04_002,NA,文字列型(CharacterString)
P04,1,所在地,P04_003,NA,文字列型(CharacterString)
P04,1,診療科目１,P04_004,NA,文字列型(CharacterString)
P04,1,診療科目２,P04_005,NA,文字列型(CharacterString)
P04,1,診療科目３,P04_006,NA,文字列型(CharacterString)
P04,1,開設者分類,P04_007,NA,コードリスト「開設者分類コード」
P05,1,地点,NA,NA,点型（GM_Point）
P05,1,行政区域コード,NA,NA,コードリスト「行政コード」
P05,1,施設分類,NA,NA,コードリスト「施設分類コード」
P05,1,名称,NA,NA,文字列型(CharacterString)
P05,1,所在地,NA,NA,文字列型(CharacterString)
P07,1,地点,NA,NA,点型（GM_Point）
P07,1,所在地,NA,NA,文字列型(CharacterString)
P07,1,店舗分類コード,NA,NA,コードリスト「燃料店舗分類コード」
P09,1,施設数（ホテル）,NA,NA,整数型（Integer）
P09,1,施設数（旅館）,NA,NA,整数型（Integer）
P09,1,施設数（公共宿泊施設）,NA,NA,整数型（Integer）
P09,1,施設数（民宿）,NA,NA,整数型（Integer）
P09,1,施設数（ペンション）,NA,NA,整数型（Integer）
P09,1,施設数（宿坊）,NA,NA,整数型（Integer）
P09,1,施設数（コテージ・貸し別荘・山荘）,NA,NA,整数型（Integer）
P09,1,施設数（ユースホステル）,NA,NA,整数型（Integer）
P09,1,施設数（カプセルホテル）,NA,NA,整数型（Integer）
P09,1,施設数（研修センター）,NA,NA,整数型　（Integer）
P09,1,施設総数,NA,NA,整数型　（Integer）
P09,1,収容人数,NA,NA,整数型　（Integer）
P09,1,客室数,NA,NA,整数型　（Integer）
P11,1,地点,NA,NA,点型（GM_Point）
P11,1,バス停名,NA,NA,文字列型
P11,1,バス区分,NA,NA,コードリスト「バス区分コード」
P11,1,事業者名,NA,NA,文字列型
P11,1,バス系統,NA,NA,文字列型
P12,1,観光資源（面）,NA,NA,曲面型（GM_Surface）
P12,1,観光資源（線）,NA,NA,線型（GM_Curve）
P12,1,観光資源（点）,NA,NA,点型（GM_Point）
P12,2,観光資源_ID,P12_001,※観光資源_IDはシェープファイルのみ,整数型（Integer）
P12,2,観光資源名,P12_002,NA,文字列型（CharacterString）
P12,2,都道府県コード,P12_003,NA,コードリスト「都道府県コード」
P12,2,行政コード,P12_004,NA,コードリスト「行政コード」
P12,2,種別名称,P12_005,NA,文字列型（CharacterString）
P12,2,所在地住所,P12_006,NA,文字列型（CharacterString）
P12,2,観光資源分類コード,P12_007,NA,コードリスト「観光資源分類コード」
P13,1,地点,NA,NA,点型(GM_Point)
P13,1,管理都道府県・整備局,P13_001,NA,文字列型(CharacterString)
P13,1,管理市区町村,P13_002,NA,文字列型(CharacterString)
P13,1,公園名,P13_003,NA,文字列型(CharacterString)
P13,1,公園種別,P13_004,NA,コードリスト「公園種別コード」
P13,1,所在地都道府県名,P13_005,NA,文字列型(CharacterString)
P13,1,所在地市区町村名,P13_006,NA,文字列型(CharacterString)
P13,1,供用開始年,P13_007,NA,時間型(TM_Instant)
P13,1,供用済面積,P13_008,NA,十進数型(Decimal)
P13,1,都市計画決定,P13_009,NA,コードリスト「都市計画決定コード」（０＝未確認、１＝決定、２＝未決定）
P13,1,備考,P13_010,NA,文字列型(CharacterString)
P14,1,福祉施設,NA,NA,点型（GM_Point）
P14,1,都道府県名,P14_001,NA,文字型
P14,1,市区町村名,P14_002,NA,文字型
P14,1,所在地,P14_003,NA,文字型
P14,1,公共施設大分類,P14_004,NA,コードリスト「公共施設大分類コード」
P14,1,公共施設小分類,P14_005,NA,コードリスト「公共施設小分類コード」
P14,1,福祉施設細分類,P14_006,NA,コードリスト「福祉施設細分類コード」
P14,1,名称,P14_007,NA,文字型
P14,1,管理者,P14_008,NA,コードリスト「管理者コード」の第2.0版を参照
P14,1,定員,P14_009,NA,文字型
P14,1,原典資料名,P14_010,NA,文字型
P14,1,主題属性取得資料名,P14_011,NA,文字型
P15,1,地点,NA,NA,点型(GM_Point)
P15,1,施設名称,P15_001,NA,文字列型(CharacterString)
P15,1,地方公共団体名,P15_002,NA,文字列型(CharacterString)
P15,1,施設種別,P15_003,NA,コードリスト「施設種別コード」
P15,1,施設タイプ,P15_004,NA,文字列型(CharacterString)
P15,1,処理能力（t/日）,P15_005,NA,実数型(Real)
P15,1,屋内面積,P15_006,NA,実数型(Real)
P15,1,屋外面積,P15_007,NA,実数型(Real)
P15,1,全体容量,P15_008,NA,実数型(Real)
P15,1,処理能力（kL/日）,P15_009,NA,実数型(Real)
P15,1,計画最大汚水量,P15_010,NA,実数型(Real)
P15,1,処理物,P15_011,NA,文字列型(CharacterString)
P15,1,処理方式,P15_012,NA,文字列型(CharacterString)
P15,1,炉形式,P15_013,NA,文字列型(CharacterString)
P15,1,発電能力,P15_014,NA,実数型(Real)
P15,2,地点,NA,NA,点型(GM_Point)
P15,2,事業者名,P15_015,NA,文字列型(CharacterString)
P15,2,所在地,P15_016,NA,文字列型(CharacterString)
P15,2,産廃施設種別,P15_017,NA,産廃施設コード中間処理施設=1、最終処理施設=2
P15,2,特別管理,P15_018,NA,特別管理コード特別管理産業廃棄物処理以外=0、特別管理産業廃棄物処理=1
P16,1,研究機関位置,NA,NA,点型(GM_Point)
P16,2,名称,P16_001,NA,文字列型(CharacterString)
P16,2,主体コード,P16_002,NA,数値型(Decimal)コードリスト「主体コードリスト」
P16,2,都道府県コード,P16_003,NA,数値型(Decimal)
P16,2,所在地,P16_004,NA,文字列型(CharacterString)
P16,2,ID,P16_005,NA,文字列型(CharacterString)
P16,2,原典1,P16_006,NA,数値型(Decimal)
P16,2,原典2,P16_007,NA,数値型(Decimal)
P16,2,原典3,P16_008,NA,数値型(Decimal)
P16,2,原典4,P16_009,NA,数値型(Decimal)
P16,2,原典5,P16_010,NA,数値型(Decimal)
P16,2,原典6,P16_011,NA,数値型(Decimal)
P16,2,原典7,P16_012,NA,数値型(Decimal)
P16,2,原典8,P16_013,NA,数値型(Decimal)
P16,2,原典9,P16_014,NA,数値型(Decimal)
P17,1,位置,NA,NA,点型(GM_Point)
P17,1,名称,P17_001,NA,文字列型(CharacterString)
P17,1,行政コード,P17_002,NA,コードリスト「行政コード」
P17,1,種別コード,P17_003,NA,コードリスト「種別コード」消防本部=1、消防署=2、分署・出張所=3
P17,1,所在地,P17_004,NA,文字列型(CharacterString)
P17,2,範囲,NA,NA,曲面型(GM_Surface)
P17,2,名称,P17_005,NA,文字列型(CharacterString)
P18,1,位置,NA,NA,点型(GM_Point)
P18,1,名称,P18_001,NA,文字列型(CharacterString)
P18,1,行政コード,P18_002,NA,コードリスト「行政コード」
P18,1,種別コード,P18_003,NA,コードリスト「種別コード」
P18,1,所在地,P18_004,NA,文字列型(CharacterString)
P18,2,範囲,NA,NA,曲面型(GM_Surface)
P18,2,名称,P18_005,NA,文字列型(CharacterString)
P19,1,地点,NA,NA,点型（GM_Point）
P19,1,地域資源ID,P19_001,NA,文字列型（CharacterString）
P19,1,都道府県コード,P19_002,NA,コードリスト「都道府県コード」
P19,1,都道府県名,P19_003,NA,文字列型（CharacterString）
P19,1,類型コード,P19_004,NA,コードリスト「類型コード」
P19,1,類型名,P19_005,NA,文字列型（CharacterString）
P19,1,自然景観資源分類コード,P19_006,NA,コードリスト「自然景観資源分類コード」
P19,1,自然景観資源分類名,P19_007,NA,文字列型（CharacterString）
P19,1,名称,P19_008,NA,文字列型（CharacterString）
P20,1,位置,NA,NA,GM_ Point
P20,1,行政区域,P20_001,NA,コードリスト型（行政区域コード）
P20,1,名称,P20_002,NA,文字列型
P20,1,住所,P20_003,NA,文字列型
P20,1,施設の種類,P20_004,NA,文字列型
P20,1,収容人数,P20_005,NA,整数値型
P20,1,施設規模,P20_006,NA,文字列型
P20,1,災害分類,NA,NA,真偽値型
P20,1,災害分類,NA,NA,真偽値型
P20,1,災害分類,NA,NA,真偽値型
P20,1,災害分類,NA,NA,真偽値型
P20,1,災害分類,NA,NA,真偽値型
P20,1,災害分類,NA,NA,真偽値型
P21,1,範囲,NA,NA,曲面型（GM_Surface）
P21,1,事業主体,P21a-001,NA,文字列型
P21,1,事業名称,P21a-002,NA,文字列型
P21,1,種別,P21a-003,NA,コードリスト型（種別コード）上水道=1、簡易水道（公営）=2、簡易水道（非公営）=3
P21,1,給水人口,P21a-004,NA,整数型
P21,1,日最大給水量,P21a-005,NA,実数型
P21,2,位置,NA,NA,点型（GM_ Point）
P21,2,事業主体,P21b-001,NA,文字列型
P21,2,事業名称,P21b-002,NA,文字列型
P21,2,施設名称,P21b-003,NA,文字列型
P21,2,日最大給水量,P21b-004,NA,実数型
P22,1,位置,NA,NA,点型（GM_Point）
P22,1,全体計画処理面積,NA,NA,実数型
P22,1,全体計画処理面積,NA,NA,実数型
P22,1,全体計画処理面積,NA,NA,実数型
P22,1,全体計画処理面積,NA,NA,実数型
P22,1,雨水計画,NA,NA,実数型
P22,1,雨水計画,NA,NA,実数型
P22,1,雨水計画,NA,NA,実数型
P22,1,雨水計画,NA,NA,実数型
P22,1,汚水計画,NA,NA,実数型
P22,1,汚水計画,NA,NA,実数型
P22,1,汚水計画,NA,NA,実数型
P22,1,汚水計画,NA,NA,実数型
P23,1,位置,NA,NA,点型（GM_Point）（P23a_）線型（GM_Curve）（P23b_）
P24,1,地点,NA,NA,点型（GM　Point）
P24,1,地場産業関連施設ID,P24_001,NA,文字列型
P24,1,行政コード,P24_002,NA,コードリスト「行政コード」
P24,1,都道府県名,P24_003,NA,文字列型
P24,1,市区町村名,P24_004,NA,文字列型
P24,1,施設名,P24_005,NA,文字列型
P24,1,所在地,P24_006,NA,文字列型
P24,1,直売所有り,P24_007,NA,論理型
P24,1,直営レストラン有り,P24_008,NA,論理型
P24,1,農林漁業体験民宿有り,P24_009,NA,論理型
P24,1,市民農園有り,P24_010,NA,論理型
P24,1,原典コード,P24_011,NA,コードリスト1:グリーン・ツーリズムデータベース2:農業協同組合名鑑3:全国市民農園リスト
P24,1,URL,P24_012,NA,文字列型
P26,1,位置,NA,NA,点型（GM_ Point）
P26,1,都道府県名,P26_001,NA,文字列型
P26,1,市区町村名,P26_002,NA,文字列型
P26,1,地方公共団体コード,P26_003,NA,コードリスト型「行政コード」
P26,1,地区名,P26_004,NA,文字列型
P26,1,愛称名,P26_005,NA,文字列型
P26,1,施行面積,P26_007,NA,実数型
P26,1,事業主体,P26_008,NA,文字列型
P26,1,事業手法,P26_009,NA,コードリスト型「事業手法コード」
P26,1,事業開始年度（西暦）,P26_010,NA,時間型（TM_Instant）
P26,1,事業終了（予定）年度（西暦）,P26_011,NA,時間型（TM_Instant）
P26,1,計画戸数,P26_012,NA,整数型
P26,1,計画人口,P26_013,NA,整数型
P27,1,位置,NA,NA,点型（GM_ Point）
P27,1,行政区域コード,P27_001,NA,コードリスト型「行政コード」
P27,1,公共施設大分類,P27_002,NA,コードリスト型「公共施設大分類コード」
P27,1,公共施設小分類,P27_003,NA,コードリスト型「公共施設小分類コード」
P27,1,文化施設分類,P27_004,NA,コードリスト型「文化施設分類コード」
P27,1,名称,P27_005,NA,文字列型
P27,1,所在地,P27_006,NA,文字列型
P27,1,管理者コード,P27_007,NA,コードリスト型「管理者コード」
P27,1,階数,P27_008,NA,整数値型
P27,1,建築年,P27_009,NA,時間型（TM_Instant）
P28,1,位置,NA,NA,点型（GM_ Point）
P28,1,行政区域コード,P28_001,NA,コードリスト型「行政コード」
P28,1,公共施設大分類,P28_002,NA,コードリスト型「公共施設大分類コード」
P28,1,公共施設小分類,P28_003,NA,コードリスト型「公共施設小分類コード」
P28,1,国・都道府県の機関分類,P28_004,NA,コードリスト型「国・都道府県の機関分類コード」
P28,1,名称,P28_005,NA,文字列型
P28,1,所在地,P28_006,NA,文字列型
P28,1,管理者コード,P28_007,NA,コードリスト型「管理者コード」
P29,1,位置,NA,NA,点型（GM_ Point）
P29,1,行政区域コード,P29_001,NA,コードリスト型「行政コード」
P29,1,公共施設大分類,P29_002,NA,コードリスト型「公共施設大分類コード」
P29,1,公共施設小分類,P29_003,NA,コードリスト型「公共施設小分類コード」
P29,1,学校分類,P29_004,NA,コードリスト型「学校分類コード」
P29,1,名称,P29_005,NA,文字列型
P29,1,所在地,P29_006,NA,文字列型
P29,1,管理者コード,P29_007,NA,コードリスト型「管理者コード」
P30,1,位置,NA,NA,点型（GM_ Point）
P30,1,行政区域コード,P30_001,NA,コードリスト型「行政コード」
P30,1,公共施設大分類,P30_002,NA,コードリスト型「公共施設大分類コード」
P30,1,公共施設小分類,P30_003,NA,コードリスト型「公共施設小分類コード」
P30,1,郵便局分類,P30_004,NA,コードリスト型「郵便局分類コード」
P30,1,名称,P30_005,NA,文字列型
P30,1,所在地,P30_006,NA,文字列型
P30,1,管理者コード,P30_007,NA,コードリスト型「管理者コード」
P31,1,物流拠点,NA,NA,点型（GM_Point）
P31,2,名称,P31_001,NA,文字列型(CharacterString)
P31,2,種別,P31_002,NA,コードリスト「種別コード」
P31,2,分類,P31_003,NA,コードリスト「分類コード」
P31,2,都道府県コード,P31_004,NA,コードリスト「都道府県コード」
P31,2,所在地,P31_005,NA,文字列型(CharacterString)
P31,2,事業者分類,P31_006,NA,コードリスト「事業者分類コード」
P31,2,整備年,P31_007,NA,整数型（Integer）
P31,2,規模,P31_008,NA,実数型（Real）
P31,2,備考,P31_009,NA,文字列型(CharacterString)
P32,1,文化財ID,P32_001,※シェープファイルのみ,整数型(Integer)
P32,1,都道府県コード,P32_002,NA,コードリスト「都道府県コード」
P32,1,行政コード,P32_003,NA,コードリスト「行政コード」
P32,1,種別大区分コード,P32_004,NA,コードリスト「種別大区分コード」
P32,1,種別小区分コード,P32_005,NA,コードリスト「種別小区分コード」
P32,1,名称,P32_006,NA,文字列型(CharacterString)
P32,1,所在地住所,P32_007,NA,文字列型(CharacterString)
P32,1,指定年月日,P32_008,NA,整数型(Integer)
P32,1,代表点区分コード,P32_009,NA,コードリスト「代表点区分コード」
P33,2,施設ID,P33_001,※施設IDはシェープファイルのみ,整数型（Integer）
P33,2,行政コード,P33_002,NA,コードリスト「行政コード」
P33,2,都道府県コード,P33_003,NA,コードリスト「都道府県コード」
P33,2,施設区分コード,P33_004,NA,コードリスト「施設区分コード」
P33,2,施設名称,P33_005,NA,文字列型(CharacterString)
P33,2,郵便番号,P33_006,NA,文字列型(CharacterString)
P33,2,住所・所在地,P33_007,NA,文字列型(CharacterString)
P33,2,電話番号,P33_008,NA,文字列型(CharacterString)
P33,2,開設年月日,P33_009,NA,"整数型（Integer）
          ※整備データが存在しない場合、「-1」とする。"
P33,2,ホームページURL,P33_010,NA,文字列型(CharacterString)
P33,2,アクセス,P33_011,NA,文字列型(CharacterString)
P33,2,スクリーン数,P33_012,NA,"整数型（Integer）
          ※整備データが存在しない場合、「-1」とする。"
P33,2,総席数,P33_013,NA,"整数型（Integer)
          ※整備データが存在しない場合、「-1」とする。"
P33,2,公民館の種別,P33_014,NA,"コードリスト「公民館の種別コード」
※公民館以外の施設の場合、「-1」とする。"
P33,2,営業・稼働日数,P33_015,NA,文字列型(CharacterString)
P33,2,営業時間,P33_016,NA,文字列型(CharacterString)
P33,2,入場料の有無,P33_017,NA,文字列型(CharacterString)
P33,2,敷地面積,P33_018,NA,"整数型（Integer)
          ※整備データが存在しない場合、「-1」とする。"
P33,2,建築総面積,P33_019,NA,"整数型（Integer)
          ※整備データが存在しない場合、「-1」とする。"
P33,2,ホール数,P33_020,NA,"整数型（Integer)
          ※整備データが存在しない場合、「-1」とする。"
P33,2,ホールの最大席数,P33_021,NA,"整数型（Integer)
          ※整備データが存在しない場合、「-1」とする。"
P33,2,ホールの総席数,P33_022,NA,"整数型（Integer)
          ※整備データが存在しない場合、「-1」とする。"
P33,2,会議室数,P33_023,NA,"整数型（Integer)
          ※整備データが存在しない場合、「-1」とする。"
P33,2,展示室数,P33_024,NA,"整数型（Integer)
          ※整備データが存在しない場合、「-1」とする。"
P33,2,代表点区分,NA,NA,コードリスト「代表点区分コード」
P34,1,地点,NA,NA,点型（GM_Point）
P34,2,行政区域コード,P34_001,NA,コードリスト「行政コード」
P34,2,施設分類,P34_002,NA,コードリスト「施設分類コード」
P34,2,名称,P34_003,NA,文字列型（CharacterString）
P34,2,所在地,P34_004,NA,文字列型（CharacterString）
S05-a,1,都市圏,NA,NA,コードリスト「都市圏コード」
S05-a,1,調査年度,NA,NA,整数型
S05-a,1,発生集中,NA,NA,コードリスト「発生集中コード」
S05-a,1,ゾーンコード,NA,NA,コードリスト「東京都市圏ゾーンコード」「近畿圏H12年度ゾーンコード」「近畿圏H22年度ゾーンコード」「中京都市圏H13年度ゾーンコード」「H23年度ゾーンコード」
S05-a,1,鉄道-出勤トリップ数,NA,NA,整数型
S05-a,1,鉄道-登校トリップ数,NA,NA,整数型
S05-a,1,鉄道-自由トリップ数,NA,NA,整数型
S05-a,1,鉄道-業務トリップ数,NA,NA,整数型
S05-a,1,鉄道-帰宅トリップ数,NA,NA,整数型
S05-a,1,鉄道-不明トリップ数,NA,NA,整数型　（*2）
S05-a,1,鉄道-合計トリップ数,NA,NA,整数型
S05-a,1,バス-出勤トリップ数,NA,NA,整数型
S05-a,1,バス-登校トリップ数,NA,NA,整数型
S05-a,1,バス-自由トリップ数,NA,NA,整数型
S05-a,1,バス-業務トリップ数,NA,NA,整数型
S05-a,1,バス-帰宅トリップ数,NA,NA,整数型
S05-a,1,バス-不明トリップ数,NA,NA,整数型　（*2）
S05-a,1,バス-合計トリップ数,NA,NA,整数型
S05-a,1,自動車-出勤トリップ数,NA,NA,整数型
S05-a,1,自動車-登校トリップ数,NA,NA,整数型
S05-a,1,自動車-自由トリップ数,NA,NA,整数型
S05-a,1,自動車-業務トリップ数,NA,NA,整数型
S05-a,1,自動車-帰宅トリップ数,NA,NA,整数型
S05-a,1,自動車-不明トリップ数,NA,NA,整数型　（*2）
S05-a,1,自動車-合計トリップ数,NA,NA,整数型
S05-a,1,二輪-出勤トリップ数,NA,NA,整数型　（*3）
S05-a,1,二輪-登校トリップ数,NA,NA,整数型　（*3）
S05-a,1,二輪-自由トリップ数,NA,NA,整数型　（*3）
S05-a,1,二輪-業務トリップ数,NA,NA,整数型　（*3）
S05-a,1,二輪-帰宅トリップ数,NA,NA,整数型　（*3）
S05-a,1,二輪-合計トリップ数,NA,NA,整数型　（*3）
S05-a,1,原付バイク-出勤トリップ数,NA,NA,整数型　（*2）
S05-a,1,原付バイク-登校トリップ数,NA,NA,整数型　（*2）
S05-a,1,原付バイク-自由トリップ数,NA,NA,整数型　（*2）
S05-a,1,原付バイク-業務トリップ数,NA,NA,整数型　（*2）
S05-a,1,原付バイク-帰宅トリップ数,NA,NA,整数型　（*2）
S05-a,1,原付バイク-不明トリップ数,NA,NA,整数型　（*2）
S05-a,1,原付バイク-合計トリップ数,NA,NA,整数型　（*2）
S05-a,1,自転車-出勤トリップ数,NA,NA,整数型　（*4）
S05-a,1,自転車-登校トリップ数,NA,NA,整数型　（*4）
S05-a,1,自転車-自由トリップ数,NA,NA,整数型　（*4）
S05-a,1,自転車-業務トリップ数,NA,NA,整数型　（*4）
S05-a,1,自転車-帰宅トリップ数,NA,NA,整数型　（*4）
S05-a,1,自転車-不明トリップ数,NA,NA,整数型　（*2）
S05-a,1,自転車-合計トリップ数,NA,NA,整数型　（*4）
S05-a,1,徒歩-出勤トリップ数,NA,NA,整数型
S05-a,1,徒歩-登校トリップ数,NA,NA,整数型
S05-a,1,徒歩-自由トリップ数,NA,NA,整数型
S05-a,1,徒歩-業務トリップ数,NA,NA,整数型
S05-a,1,徒歩-帰宅トリップ数,NA,NA,整数型
S05-a,1,徒歩-不明トリップ数,NA,NA,整数型　（*2）
S05-a,1,徒歩-合計トリップ数,NA,NA,整数型
S05-a,1,その他-出勤トリップ数,NA,NA,整数型　（*1）
S05-a,1,その他-登校トリップ数,NA,NA,整数型　（*1）
S05-a,1,その他-自由トリップ数,NA,NA,整数型　（*1）
S05-a,1,その他-業務トリップ数,NA,NA,整数型　（*1）
S05-a,1,その他-帰宅トリップ数,NA,NA,整数型　（*1）
S05-a,1,その他-合計トリップ数,NA,NA,整数型　（*1）
S05-a,1,不明-出勤トリップ数,NA,NA,整数型　（*2）
S05-a,1,不明-登校トリップ数,NA,NA,整数型　（*2）
S05-a,1,不明-自由トリップ数,NA,NA,整数型　（*2）
S05-a,1,不明-業務トリップ数,NA,NA,整数型　（*2）
S05-a,1,不明-帰宅トリップ数,NA,NA,整数型　（*2）
S05-a,1,不明-不明トリップ数,NA,NA,整数型　（*2）
S05-a,1,不明-合計トリップ数,NA,NA,整数型　（*2）
S05-a,1,全トリップ数,NA,NA,整数型
S05-b,1,都市圏,NA,NA,コードリスト「都市圏コード」
S05-b,1,調査年度,NA,NA,整数型
S05-b,1,発ゾーンコード,NA,NA,コードリスト「東京都市圏ゾーンコード」「近畿圏H12年度ゾーンコード」「近畿圏H22年度ゾーンコード」「中京都市圏H13年度ゾーンコード」「H23年度ゾーンコード」
S05-b,1,着ゾーンコード,NA,NA,コードリスト「東京都市圏ゾーンコード」「近畿圏H12年度ゾーンコード」「近畿圏H22年度ゾーンコード」「中京都市圏H13年度ゾーンコード」「H23年度ゾーンコード」
S05-b,1,鉄道-出勤トリップ数,NA,NA,整数型
S05-b,1,鉄道-登校トリップ数,NA,NA,整数型
S05-b,1,鉄道-自由トリップ数,NA,NA,整数型
S05-b,1,鉄道-業務トリップ数,NA,NA,整数型
S05-b,1,鉄道-帰宅トリップ数,NA,NA,整数型
S05-b,1,鉄道-不明トリップ数,NA,NA,整数型　（*2）
S05-b,1,鉄道-合計トリップ数,NA,NA,整数型
S05-b,1,バス-出勤トリップ数,NA,NA,整数型
S05-b,1,バス-登校トリップ数,NA,NA,整数型
S05-b,1,バス-自由トリップ数,NA,NA,整数型
S05-b,1,バス-業務トリップ数,NA,NA,整数型
S05-b,1,バス-帰宅トリップ数,NA,NA,整数型
S05-b,1,バス-不明トリップ数,NA,NA,整数型　（*2）
S05-b,1,バス-合計トリップ数,NA,NA,整数型
S05-b,1,自動車-出勤トリップ数,NA,NA,整数型
S05-b,1,自動車-登校トリップ数,NA,NA,整数型
S05-b,1,自動車-自由トリップ数,NA,NA,整数型
S05-b,1,自動車-業務トリップ数,NA,NA,整数型
S05-b,1,自動車-帰宅トリップ数,NA,NA,整数型
S05-b,1,自動車-不明トリップ数,NA,NA,整数型　（*2）
S05-b,1,自動車-合計トリップ数,NA,NA,整数型
S05-b,1,二輪-出勤トリップ数,NA,NA,整数型　（*3）
S05-b,1,二輪-登校トリップ数,NA,NA,整数型　（*3）
S05-b,1,二輪-自由トリップ数,NA,NA,整数型　（*3）
S05-b,1,二輪-業務トリップ数,NA,NA,整数型　（*3）
S05-b,1,二輪-帰宅トリップ数,NA,NA,整数型　（*3）
S05-b,1,二輪-合計トリップ数,NA,NA,整数型　（*3）
S05-b,1,原付バイク-出勤トリップ数,NA,NA,整数型　（*2）
S05-b,1,原付バイク-登校トリップ数,NA,NA,整数型　（*2）
S05-b,1,原付バイク-自由トリップ数,NA,NA,整数型　（*2）
S05-b,1,原付バイク-業務トリップ数,NA,NA,整数型　（*2）
S05-b,1,原付バイク-帰宅トリップ数,NA,NA,整数型　（*2）
S05-b,1,原付バイク-登校トリップ数,NA,NA,整数型　（*2）
S05-b,1,原付バイク-合計トリップ数,NA,NA,整数型　（*2）
S05-b,1,自転車-出勤トリップ数,NA,NA,整数型　（*4）
S05-b,1,自転車-登校トリップ数,NA,NA,整数型　（*4）
S05-b,1,自転車-自由トリップ数,NA,NA,整数型　（*4）
S05-b,1,自転車-業務トリップ数,NA,NA,整数型　（*4）
S05-b,1,自転車-帰宅トリップ数,NA,NA,整数型　（*4）
S05-b,1,自転車-不明トリップ数,NA,NA,整数型　（*2）
S05-b,1,自転車-合計トリップ数,NA,NA,整数型　（*4）
S05-b,1,徒歩-出勤トリップ数,NA,NA,整数型
S05-b,1,徒歩-登校トリップ数,NA,NA,整数型
S05-b,1,徒歩-自由トリップ数,NA,NA,整数型
S05-b,1,徒歩-業務トリップ数,NA,NA,整数型
S05-b,1,徒歩-帰宅トリップ数,NA,NA,整数型
S05-b,1,徒歩-不明トリップ数,NA,NA,整数型　（*2）
S05-b,1,徒歩-合計トリップ数,NA,NA,整数型
S05-b,1,その他-出勤トリップ数,NA,NA,整数型　（*1）
S05-b,1,その他-登校トリップ数,NA,NA,整数型　（*1）
S05-b,1,その他-自由トリップ数,NA,NA,整数型　（*1）
S05-b,1,その他-業務トリップ数,NA,NA,整数型　（*1）
S05-b,1,その他-帰宅トリップ数,NA,NA,整数型　（*1）
S05-b,1,その他-合計トリップ数,NA,NA,整数型　（*1）
S05-b,1,不明-出勤トリップ数,NA,NA,整数型　（*2）
S05-b,1,不明-登校トリップ数,NA,NA,整数型　（*2）
S05-b,1,不明-自由トリップ数,NA,NA,整数型　（*2）
S05-b,1,不明-業務トリップ数,NA,NA,整数型　（*2）
S05-b,1,不明-帰宅トリップ数,NA,NA,整数型　（*2）
S05-b,1,不明-不明トリップ数,NA,NA,整数型　（*2）
S05-b,1,不明-合計トリップ数,NA,NA,整数型　（*2）
S05-b,1,全トリップ数,NA,NA,整数型
S05-c,1,調査年度,NA,NA,整数型
S05-c,1,駅コード,NA,NA,コードリスト「東京都市圏駅コード」
S05-c,1,駅名,NA,NA,コードリスト「東京都市圏駅コード」
S05-c,1,乗車_路線バス・都電,NA,NA,整数型
S05-c,1,乗車_乗用車,NA,NA,整数型
S05-c,1,乗車_軽乗用車,NA,NA,整数型
S05-c,1,乗車_貨物自動車・軽貨物車,NA,NA,整数型
S05-c,1,乗車_自家用バス・貸切りバス,NA,NA,整数型
S05-c,1,乗車_タクシー・ハイヤー,NA,NA,整数型
S05-c,1,乗車_自動二輪車,NA,NA,整数型
S05-c,1,乗車_原動機付き自転車,NA,NA,整数型
S05-c,1,乗車_自転車,NA,NA,整数型
S05-c,1,乗車_徒歩,NA,NA,整数型
S05-c,1,乗車_航空機,NA,NA,整数型
S05-c,1,乗車_船舶,NA,NA,整数型
S05-c,1,乗車_その他,NA,NA,整数型
S05-c,1,乗車_不明,NA,NA,整数型
S05-c,1,乗車_合計,NA,NA,整数型
S05-c,1,降車_路線バス・都電,NA,NA,整数型
S05-c,1,降車_乗用車,NA,NA,整数型
S05-c,1,降車_軽乗用車,NA,NA,整数型
S05-c,1,降車_貨物自動車・軽貨物車,NA,NA,整数型
S05-c,1,降車_自家用バス・貸切りバス,NA,NA,整数型
S05-c,1,降車_タクシー・ハイヤー,NA,NA,整数型
S05-c,1,降車_自動二輪車,NA,NA,整数型
S05-c,1,降車_原動機付き自転車,NA,NA,整数型
S05-c,1,降車_自転車,NA,NA,整数型
S05-c,1,降車_徒歩,NA,NA,整数型
S05-c,1,降車_航空機,NA,NA,整数型
S05-c,1,降車_船舶,NA,NA,整数型
S05-c,1,降車_その他,NA,NA,整数型
S05-c,1,降車_不明,NA,NA,整数型
S05-c,1,降車_合計,NA,NA,整数型
S05-c,2,調査年度,NA,NA,整数型
S05-c,2,駅コード,NA,NA,コードリスト「近畿圏H12年度駅コード」「近畿圏H22年度駅コード」
S05-c,2,運営会社,NA,NA,コードリスト「近畿圏H12年度駅コード」「近畿圏H22年度駅コード」
S05-c,2,駅名,NA,NA,コードリスト「近畿圏H12年度駅コード」「近畿圏H22年度駅コード」
S05-c,2,乗車_バス,NA,NA,整数型
S05-c,2,乗車_自家用自動車,NA,NA,整数型
S05-c,2,乗車_タクシー・ハイヤー,NA,NA,整数型
S05-c,2,乗車_自動車,NA,NA,整数型
S05-c,2,乗車_自動二輪原付,NA,NA,整数型
S05-c,2,乗車_自転車,NA,NA,整数型
S05-c,2,乗車_二輪,NA,NA,整数型
S05-c,2,乗車_徒歩,NA,NA,整数型
S05-c,2,乗車_その他,NA,NA,整数型
S05-c,2,乗車_合計,NA,NA,整数型
S05-c,2,降車_バス,NA,NA,整数型
S05-c,2,降車_自家用自動車,NA,NA,整数型
S05-c,2,降車_タクシー・ハイヤー,NA,NA,整数型
S05-c,2,降車_自動車,NA,NA,整数型
S05-c,2,降車_自動二輪原付,NA,NA,整数型
S05-c,2,降車_自転車,NA,NA,整数型
S05-c,2,降車_二輪,NA,NA,整数型
S05-c,2,降車_徒歩,NA,NA,整数型
S05-c,2,降車_その他,NA,NA,整数型
S05-c,2,降車_合計,NA,NA,整数型
S05-d,1,調査年度,S05d_044,NA,整数型
S05-d,1,発ゾーンコード,S05d_045,NA,コードリスト「旅客地域流動ゾーンコード」
S05-d,1,着ゾーンコード,S05d_046,NA,コードリスト「旅客地域流動ゾーンコード」
S05-d,1,ＪＲ定期旅客数,S05d_047,NA,実数型
S05-d,1,ＪＲ定期外旅客数,S05d_048,NA,実数型
S05-d,1,ＪＲ合計旅客数,S05d_049,NA,実数型
S05-d,1,民鉄定期旅客数,S05d_050,NA,実数型
S05-d,1,民鉄定期外旅客数,S05d_051,NA,実数型
S05-d,1,民鉄合計旅客数,S05d_052,NA,実数型
S05-d,1,乗合バス旅客数,S05d_053,NA,実数型
S05-d,1,貸切バス旅客数,S05d_054,NA,実数型
S05-d,1,自家用バス旅客数,S05d_055,NA,実数型　（*）
S05-d,1,営業用乗用車旅客数,S05d_056,NA,実数型
S05-d,1,自家用乗用車旅客数,S05d_057,NA,実数型　（*）
S05-d,1,自動車合計旅客数,S05d_058,NA,実数型
S05-d,1,旅客船旅客数,S05d_059,NA,実数型
S05-d,1,航空旅客数,S05d_060,NA,実数型
S05-d,1,全機関旅客数,S05d_061,NA,実数型
S05-d,2,調査年度,S05d_001,NA,整数型
S05-d,2,発ゾーンコード,S05d_002,NA,コードリスト「貨物地域流動ゾーンコード」
S05-d,2,着ゾーンコード,S05d_003,NA,コードリスト「貨物地域流動ゾーンコード」
S05-d,2,全機関_農水産品トン数,S05d_004,NA,整数型
S05-d,2,全機関_林産品トン数,S05d_005,NA,整数型
S05-d,2,全機関_鉱産品トン数,S05d_006,NA,整数型
S05-d,2,全機関_金属・機械工業品トン数,S05d_007,NA,整数型
S05-d,2,全機関_化学工業品トン数,S05d_008,NA,整数型
S05-d,2,全機関_軽工業品トン数,S05d_009,NA,整数型
S05-d,2,全機関_雑工業品トン数,S05d_010,NA,整数型
S05-d,2,全機関_特種品トン数,S05d_011,NA,整数型
S05-d,2,全機関_その他トン数,S05d_012,NA,整数型
S05-d,2,全機関_合計トン数,S05d_013,NA,整数型
S05-d,2,鉄道_農水産品トン数,S05d_014,NA,整数型
S05-d,2,鉄道_林産品トン数,S05d_015,NA,整数型
S05-d,2,鉄道_鉱産品トン数,S05d_016,NA,整数型
S05-d,2,鉄道_金属・機械工業品トン数,S05d_017,NA,整数型
S05-d,2,鉄道_化学工業品トン数,S05d_018,NA,整数型
S05-d,2,鉄道_軽工業品トン数,S05d_019,NA,整数型
S05-d,2,鉄道_雑工業品トン数,S05d_020,NA,整数型
S05-d,2,鉄道_特種品トン数,S05d_021,NA,整数型
S05-d,2,鉄道_その他トン数,S05d_022,NA,整数型
S05-d,2,鉄道_合計トン数,S05d_023,NA,整数型
S05-d,2,海運_農水産品トン数,S05d_024,NA,整数型
S05-d,2,海運_林産品トン数,S05d_025,NA,整数型
S05-d,2,海運_鉱産品トン数,S05d_026,NA,整数型
S05-d,2,海運_金属・機械工業品トン数,S05d_027,NA,整数型
S05-d,2,海運_化学工業品トン数,S05d_028,NA,整数型
S05-d,2,海運_軽工業品トン数,S05d_029,NA,整数型
S05-d,2,海運_雑工業品トン数,S05d_030,NA,整数型
S05-d,2,海運_特種品トン数,S05d_031,NA,整数型
S05-d,2,海運_その他トン数,S05d_032,NA,整数型
S05-d,2,海運_合計トン数,S05d_033,NA,整数型
S05-d,2,自動車_農水産品トン数,S05d_034,NA,整数型
S05-d,2,自動車_林産品トン数,S05d_035,NA,整数型
S05-d,2,自動車_鉱産品トン数,S05d_036,NA,整数型
S05-d,2,自動車_金属・工業品トン数,S05d_037,NA,整数型
S05-d,2,自動車_化学工業品トン数,S05d_038,NA,整数型
S05-d,2,自動車_軽工業品トン数,S05d_039,NA,整数型
S05-d,2,自動車_雑工業品トン数,S05d_040,NA,整数型
S05-d,2,自動車_特種品トン数,S05d_041,NA,整数型
S05-d,2,自動車_その他トン数,S05d_042,NA,整数型
S05-d,2,自動車_合計トン数,S05d_043,NA,整数型
S10a,1,港湾間,NA,NA,曲面型（GM_Curve）
S10a,1,出発港_都道府県名,NA,NA,文字型（CharacterString）
S10a,1,出発港_港湾名,NA,NA,文字型（CharacterString）
S10a,1,到着港_都道府県名,NA,NA,文字型（CharacterString）
S10a,1,到着港_港湾名,NA,NA,文字型（CharacterString）
S10a,1,頻度,NA,NA,整数型（Integer）
S10a,1,積載可能貨物量_積載可能貨物量,NA,NA,整数型（Integer）
S10a,1,積載可能貨物量_積載可能貨物量,NA,NA,列挙型
S10a,1,運搬可能旅客数,NA,NA,整数型（Integer）
S10a,1,大分類流通量,NA,NA,整数型（Integer）（大分類項目）
S10a,1,中分類流通量,NA,NA,整数型（Integer）（中分類項目）
S10a,2,港湾間,NA,NA,曲面型（GM_Curve）
S10a,2,出発港_都道府県名,NA,NA,文字型（CharacterString）
S10a,2,出発港_港湾名,NA,NA,文字型（CharacterString）
S10a,2,出発港_都道府県名,NA,NA,文字型（CharacterString）
S10a,2,出発港_港湾名,NA,NA,文字型（CharacterString）
S10a,2,到着港_都道府県名,NA,NA,文字型（CharacterString
S10a,2,到着港_港湾名,NA,NA,文字型（CharacterString
S10a,2,船種分類,NA,NA,列挙型
S10a,2,航行距離,NA,NA,整数型（Integer）
S10a,2,総トン数,NA,NA,整数型（Integer）
S10a,2,積載可能貨物量_積載可能貨物量,NA,NA,整数型（Integer）
S10a,2,積載可能貨物量_積載可能貨物量,NA,NA,列挙型
S10a,2,運搬可能旅客数,NA,NA,整数型（Integer）
S10a,2,頻度,NA,NA,整数型（Integer）
S10b,1,空港間,NA,NA,曲面型（GM_Curve）
S10b,1,出発空港,S10b_001,NA,文字列型
S10b,1,経由空港１,S10b_002,NA,文字列型
S10b,1,経由空港２,S10b_003,NA,文字列型
S10b,1,到着空港,S10b_004,NA,文字列型
S10b,1,区間距離,S10b_005,NA,整数型
S10b,1,頻度,S10b_006,NA,整数型
S10b,1,旅客数,S10b_007,NA,整数型
S10b,1,運搬可能旅客数,S10b_008,NA,整数型
S10b,1,貨物量,S10b_009,NA,整数型
S12,1,場所,NA,NA,線型（GM_Curve）
S12,1,駅名,S12_001,NA,文字列型(CharacterString)
S12,1,運営会社,S12_002,NA,文字列型(CharacterString)
S12,1,路線名,S12_003,NA,文字列型(CharacterString)
S12,1,鉄道区分,S12_004,NA,コードリスト（鉄道区分コード）
S12,1,事業者種別,S12_005,NA,コードリスト（事業者種別コード）
S12,1,重複コード2011,S12_006,NA,コードリスト（重複コード）
S12,1,データ有無コード2011,S12_007,NA,コードリスト（データ有無コード）
S12,1,備考2011,S12_008,NA,文字列型(CharacterString)
S12,1,乗降客数2011,S12_009,NA,数値型(Integer)
S12,1,重複コード2012,S12_010,NA,コードリスト（重複コード）
S12,1,データ有無コード2012,S12_011,NA,コードリスト（データ有無コード）
S12,1,備考2012,S12_012,NA,文字列型(CharacterString)
S12,1,乗降客数2012,S12_013,NA,数値型(Integer)
S12,1,重複コード2013,S12_014,NA,コードリスト（重複コード）
S12,1,データ有無コード2013,S12_015,NA,コードリスト（データ有無コード）
S12,1,備考2013,S12_016,NA,文字列型(CharacterString)
S12,1,乗降客数2013,S12_017,NA,数値型(Integer)
S12,1,重複コード2014,S12_018,NA,コードリスト（重複コード）
S12,1,データ有無コード2014,S12_019,NA,コードリスト（データ有無コード）
S12,1,備考2014,S12_020,NA,文字列型(CharacterString)
S12,1,乗降客数2014,S12_021,NA,数値型(Integer)
S12,1,重複コード2015,S12_022,NA,コードリスト（重複コード）
S12,1,備考2015,S12_024,NA,文字列型(CharacterString)
S12,1,乗降客数2015,S12_025,NA,数値型(Integer)
W01,1,ダム,NA,NA,点型（GM_Point）
W01,2,ダム名,W01_001,NA,文字列型（CharacterString）
W01,2,ダムコード,W01_002,NA,整数型（Integer）
W01,2,水系名,W01_003,NA,文字列型（CharacterString）
W01,2,河川名,W01_004,NA,文字列型（CharacterString）
W01,2,形式,W01_005,NA,コードリスト「ダム形式コード」
W01,2,目的,W01_006,NA,コードリスト「ダム目的コード」
W01,2,ダム規模(堤高),W01_007,NA,実数型（Real）
W01,2,ダム規模（堤頂長）,W01_008,NA,実数型（Real）
W01,2,堤体積,W01_009,NA,整数型（Integer）
W01,2,総貯水量,W01_010,NA,整数型（Integer）
W01,2,ダム事業者,W01_011,NA,コードリスト「ダム事業者コード」
W01,2,竣工年,W01_012,NA,時間型（TM_Instant）
W01,2,所在地,W01_013,NA,文字列型（CharacterString）
W01,2,位置情報精度,W01_014,NA,コードリスト「位置情報精度コード」
W05,1,水系域コード,NA,NA,コードリスト「水系域コード種別」
W05,2,形状,NA,NA,曲線型（GM_Curve）
W05,2,河川コード,NA,NA,コードリスト「河川コード種別」
W05,2,区間種別,NA,NA,"列挙型（1：1級直轄区間、2：1級指定区間、3：2級河川区間、4：指定区間外、
              5：1級直轄区間でかつ湖沼区間を兼ねる場合、6：1級指定区間でかつ湖沼区間を兼ねる場合、7：2級河川区間でかつ湖沼区間を兼ねる場合、
              8：指定区間外でかつ湖沼区間を兼ねる場合、0：不明）"
W05,2,河川名,NA,NA,文字列型
W05,2,原典資料種別,NA,NA,コードリスト「原典資料種別コード」
W05,2,流下方向判定,NA,NA,真偽値型（trueまたは1：流下方向が判明している場合、falseまたは0：流下方向が不明な場合）
W05,2,河川始点,NA,NA,地物「河川端点」
W05,2,河川終点,NA,NA,地物「河川端点」
W05,3,流路始点,NA,NA,地物「河川端点」
W05,3,流路終点,NA,NA,地物「河川端点」
W05,4,位置,NA,NA,点型（GM_Point）
W05,4,標高,NA,NA,実数型
W07,1,水系域コード,NA,NA,整数型（Integer）水系域コード種別」
W07,1,河川コード,NA,NA,"整数型（Integer）
「河川コード種別」"
W07,1,水系名,NA,NA,文字列型（CharacterString）
W07,1,河川名,NA,NA,文字列型（CharacterString）
W07,1,単位流域コード,NA,NA,整数型（Integer）
W09,1,湖沼,W09-05-g_Lake,NA,曲面型（GM_Surface）
W09,2,iD,NA,NA,文字列型（CharacterString）
W09,2,湖沼名,W09_001,NA,文字列型（CharacterString）
W09,2,行政区域,W09_002,NA,コードリスト「行政コード」
W09,2,最大水深,W09_003,NA,整数型（Integer）
W09,2,水面標高,W09_004,NA,整数型（Integer）
N05,1,設置期間（設置開始）,N05_005b,NA,時間型（TM_Instant）
N05,1,設置期間（設置終了）,N05_005e,NA,時間型（TM_Instant）
P15,2,取扱品目1,P15_019,NA,文字列型(CharacterString)
P15,2,取扱品目2,P15_020,NA,文字列型(CharacterString)
P15,2,取扱品目3,P15_021,NA,文字列型(CharacterString)
P15,2,取扱品目4,P15_022,NA,文字列型(CharacterString)
P15,2,取扱品目5,P15_023,NA,文字列型(CharacterString)
P15,2,取扱品目6,P15_024,NA,文字列型(CharacterString)
P15,2,取扱品目7,P15_025,NA,文字列型(CharacterString)
P15,2,取扱品目8,P15_026,NA,文字列型(CharacterString)
P15,2,取扱品目9,P15_027,NA,文字列型(CharacterString)
P15,2,取扱品目10,P15_028,NA,文字列型(CharacterString)
P15,2,取扱品目11,P15_029,NA,文字列型(CharacterString)
P15,2,取扱品目12,P15_030,NA,文字列型(CharacterString)
P15,2,取扱品目13,P15_031,NA,文字列型(CharacterString)
P15,2,取扱品目14,P15_032,NA,文字列型(CharacterString)
P15,2,取扱品目15,P15_033,NA,文字列型(CharacterString)
P16,2,備考1,P16_015,NA,文字列型(CharacterString)
P16,2,備考2,P16_016,NA,文字列型(CharacterString)
P16,2,備考3,P16_017,NA,文字列型(CharacterString)
P16,2,備考4,P16_018,NA,文字列型(CharacterString)
P16,2,備考5,P16_019,NA,文字列型(CharacterString)
P16,2,備考6,P16_020,NA,文字列型(CharacterString)
P16,2,備考7,P16_021,NA,文字列型(CharacterString)
P16,2,備考8,P16_022,NA,文字列型(CharacterString)
P16,2,備考9,P16_023,NA,文字列型(CharacterString)
P16,2,備考10,P16_024,NA,文字列型(CharacterString)
P16,2,備考11,P16_025,NA,文字列型(CharacterString)
P16,2,備考12,P16_026,NA,文字列型(CharacterString)
P17,2,管轄範囲1,P17_006,NA,文字列型(CharacterString)
P17,2,管轄範囲2,P17_007,NA,文字列型(CharacterString)
P17,2,管轄範囲3,P17_008,NA,文字列型(CharacterString)
P17,2,管轄範囲4,P17_009,NA,文字列型(CharacterString)
P17,2,管轄範囲5,P17_010,NA,文字列型(CharacterString)
P17,2,管轄範囲6,P17_011,NA,文字列型(CharacterString)
P17,2,管轄範囲7,P17_012,NA,文字列型(CharacterString)
P17,2,管轄範囲8,P17_013,NA,文字列型(CharacterString)
P17,2,管轄範囲9,P17_014,NA,文字列型(CharacterString)
P17,2,管轄範囲10,P17_015,NA,文字列型(CharacterString)
P17,2,管轄範囲11,P17_016,NA,文字列型(CharacterString)
P17,2,管轄範囲12,P17_017,NA,文字列型(CharacterString)
P17,2,管轄範囲13,P17_018,NA,文字列型(CharacterString)
P17,2,管轄範囲14,P17_019,NA,文字列型(CharacterString)
P17,2,管轄範囲15,P17_020,NA,文字列型(CharacterString)
P17,2,管轄範囲16,P17_021,NA,文字列型(CharacterString)
P17,2,管轄範囲17,P17_022,NA,文字列型(CharacterString)
P17,2,管轄範囲18,P17_023,NA,文字列型(CharacterString)
P17,2,管轄範囲19,P17_024,NA,文字列型(CharacterString)
P17,2,管轄範囲20,P17_025,NA,文字列型(CharacterString)
P17,2,管轄範囲21,P17_026,NA,文字列型(CharacterString)
P17,2,管轄範囲22,P17_027,NA,文字列型(CharacterString)
P17,2,管轄範囲23,P17_028,NA,文字列型(CharacterString)
P17,2,管轄範囲24,P17_029,NA,文字列型(CharacterString)
P17,2,管轄範囲25,P17_030,NA,文字列型(CharacterString)
P18,2,管轄範囲1,P18_006,NA,文字列型(CharacterString)
P18,2,管轄範囲2,P18_007,NA,文字列型(CharacterString)
P18,2,管轄範囲3,P18_008,NA,文字列型(CharacterString)
P18,2,管轄範囲4,P18_009,NA,文字列型(CharacterString)
P18,2,管轄範囲5,P18_010,NA,文字列型(CharacterString)
P18,2,管轄範囲6,P18_011,NA,文字列型(CharacterString)
P18,2,管轄範囲7,P18_012,NA,文字列型(CharacterString)
P18,2,管轄範囲8,P18_013,NA,文字列型(CharacterString)
P18,2,管轄範囲9,P18_014,NA,文字列型(CharacterString)
P18,2,管轄範囲10,P18_015,NA,文字列型(CharacterString)
P18,2,管轄範囲11,P18_016,NA,文字列型(CharacterString)
P18,2,管轄範囲12,P18_017,NA,文字列型(CharacterString)
P18,2,管轄範囲13,P18_018,NA,文字列型(CharacterString)
P18,2,管轄範囲14,P18_019,NA,文字列型(CharacterString)
P18,2,管轄範囲15,P18_020,NA,文字列型(CharacterString)
P18,2,管轄範囲16,P18_021,NA,文字列型(CharacterString)
P18,2,管轄範囲17,P18_022,NA,文字列型(CharacterString)
P18,2,管轄範囲18,P18_023,NA,文字列型(CharacterString)
P18,2,管轄範囲19,P18_024,NA,文字列型(CharacterString)
P18,2,管轄範囲20,P18_025,NA,文字列型(CharacterString)
P18,2,管轄範囲21,P18_026,NA,文字列型(CharacterString)
P18,2,管轄範囲22,P18_027,NA,文字列型(CharacterString)
P18,2,管轄範囲23,P18_028,NA,文字列型(CharacterString)
P18,2,管轄範囲24,P18_029,NA,文字列型(CharacterString)
P18,2,管轄範囲25,P18_030,NA,文字列型(CharacterString)
A34,2,構成資産範囲ID,A34a_001,※シェープファイルのみ,整数型(Integer)
A34,2,構成資産範囲ID,A34b_001,※シェープファイルのみ,整数型(Integer)
A34,2,構成資産範囲ID,A34c_001,※シェープファイルのみ,整数型(Integer)
A34,2,構成資産範囲ID,A34d_001,※シェープファイルのみ,整数型(Integer)
A34,2,世界遺産番号,A34a_002,NA,整数型(Integer)
A34,2,世界遺産番号,A34b_002,NA,整数型(Integer)
A34,2,世界遺産番号,A34c_002,NA,整数型(Integer)
A34,2,世界遺産番号,A34d_002,NA,整数型(Integer)
A34,2,世界文化遺産名,A34a_003,NA,文字列型(CharacterString)
A34,2,世界文化遺産名,A34b_003,NA,文字列型(CharacterString)
A34,2,世界文化遺産名,A34c_003,NA,文字列型(CharacterString)
A34,2,世界文化遺産名,A34d_003,NA,文字列型(CharacterString)
A34,2,地区名,A34a_004,NA,文字列型(CharacterString)
A34,2,地区名,A34b_004,NA,文字列型(CharacterString)
A34,2,地区名,A34c_004,NA,文字列型(CharacterString)
A34,2,地区名,A34d_004,NA,文字列型(CharacterString)
A34,2,都道府県名,A34a_005,NA,文字列型(CharacterString)
A34,2,都道府県名,A34b_005,NA,文字列型(CharacterString)
A34,2,都道府県名,A34c_005,NA,文字列型(CharacterString)
A34,2,都道府県名,A34d_005,NA,文字列型(CharacterString)
A34,2,構成資産範囲面積,A34a_006,NA,実数型(Real)
A34,2,構成資産範囲面積,A34b_006,NA,実数型(Real)
A34,2,構成資産範囲面積,A34c_006,NA,実数型(Real)
A34,2,構成資産範囲面積,A34d_006,NA,実数型(Real)
A34,2,構成資産,A34a_007,NA,文字列型(CharacterString)
A34,2,構成資産,A34b_007,NA,文字列型(CharacterString)
A34,2,構成資産,A34c_007,NA,文字列型(CharacterString)
A34,2,構成資産,A34d_007,NA,文字列型(CharacterString)
A34,2,登録基準区分,A34a_008,NA,文字列型(CharacterString)
A34,2,登録基準区分,A34b_008,NA,文字列型(CharacterString)
A34,2,登録基準区分,A34c_008,NA,文字列型(CharacterString)
A34,2,登録基準区分,A34d_008,NA,文字列型(CharacterString)
A34,2,記載年月,A34a_009,NA,整数型(Integer)
A34,2,記載年月,A34b_009,NA,整数型(Integer)
A34,2,記載年月,A34c_009,NA,整数型(Integer)
A34,2,記載年月,A34d_009,NA,整数型(Integer)
A34,6,緩衝地帯ID,A34f_001,※シェープファイルのみ,整数型(Integer)
A34,6,緩衝地帯ID,A34g_001,※シェープファイルのみ,整数型(Integer)
A34,6,世界遺産番号,A34f_002,NA,整数型(Integer)
A34,6,世界遺産番号,A34g_002,NA,整数型(Integer)
A34,6,世界文化遺産名,A34f_003,NA,文字列型(CharacterString)
A34,6,世界文化遺産名,A34g_003,NA,文字列型(CharacterString)
A34,6,地区名,A34f_004,NA,文字列型(CharacterString)
A34,6,地区名,A34g_004,NA,文字列型(CharacterString)
A34,6,緩衝地帯面積,A34f_005,NA,実数型(Real)
A34,6,緩衝地帯面積,A34g_005,NA,実数型(Real)
A35a,2,景観計画区域ID,A35a_001,NA,実数型（Real）
A35a,2,景観計画区域ID,A35b_001,NA,実数型（Real）
A35a,2,都道府県コード,A35a_002,NA,コードリスト「都道府県コード」
A35a,2,都道府県コード,A35b_002,NA,コードリスト「都道府県コード」
A35a,2,団体名,A35a_003,NA,文字列型（CharacterString）
A35a,2,団体名,A35b_003,NA,文字列型（CharacterString）
A35a,2,行政コード,A35a_004,NA,コードリスト「行政コード」
A35a,2,行政コード,A35b_004,NA,コードリスト「行政コード」
A35a,2,策定年月日,A35a_005,NA,整数型（Integer）
A35a,2,策定年月日,A35b_005,NA,整数型（Integer）
A35a,2,面積,A35a_006,NA,実数型（Real）
A35a,2,面積,A35b_006,NA,実数型（Real）
A35a,2,景観計画未策定フラグ,A35a_007,NA,整数型（Integer）
A35a,2,景観計画未策定フラグ,A35b_007,NA,整数型（Integer）
A35b,2,景観地区ID,A35d_001,NA,実数型（Real）
A35b,2,景観地区ID,A35e_001,NA,実数型（Real）
A35b,2,都道府県コード,A35d_002,NA,コードリスト「都道府県コード」
A35b,2,都道府県コード,A35e_002,NA,コードリスト「都道府県コード」
A35b,2,団体名,A35d_003,NA,文字列型（CharacterString）
A35b,2,団体名,A35e_003,NA,文字列型（CharacterString）
A35b,2,行政コード,A35d_004,NA,コードリスト「行政コード」
A35b,2,行政コード,A35e_004,NA,コードリスト「行政コード」
A35b,2,名称,A35d_005,NA,文字列型（CharacterString）
A35b,2,名称,A35e_005,NA,文字列型（CharacterString）
A35b,2,位置,A35d_006,NA,文字列型（CharacterString）
A35b,2,位置,A35e_006,NA,文字列型（CharacterString）
A35b,2,面積,A35d_007,NA,実数型（Real）
A35b,2,面積,A35e_007,NA,実数型（Real）
A35b,2,決定年月日,A35d_008,NA,整数型（Integer）
A35b,2,決定年月日,A35e_008,NA,整数型（Integer）
A35b,2,種別コード,A35d_009,NA,コードリスト「種別コード」
A35b,2,種別コード,A35e_009,NA,コードリスト「種別コード」
P22,1,行政区域,P22a_001,NA,コードリスト型（行政区域コード）
P22,1,行政区域,P22b_001,NA,コードリスト型（行政区域コード）
P22,1,施設名称,P22a_002,NA,文字列型
P22,1,施設名称,P22b_002,NA,文字列型
P22,1,所在地,P22a_003,NA,文字列型
P22,1,所在地,P22b_003,NA,文字列型
P22,1,市町村等団体名,P22a_004,NA,文字列型
P22,1,市町村等団体名,P22b_004,NA,文字列型
P22,1,事業区分名,P22a_005,NA,列挙型（事業区分名詳細）
P22,1,事業区分名,P22b_005,NA,列挙型（事業区分名詳細）
P22,1,事業名,P22a_006,NA,列挙型（事業区分名詳細）
P22,1,事業名,P22b_006,NA,列挙型（事業区分名詳細）
P22,1,全体計画計画処理人口,P22a_011,NA,整数値
P22,1,全体計画計画処理人口,P22b_011,NA,整数値
P22,1,全体計画区域内人口,P22a_012,NA,整数値
P22,1,全体計画区域内人口,P22b_012,NA,整数値
P23,1,行政区域,P23a_001,NA,コードリスト型（行政区域コード）
P23,1,行政区域,P23b_001,NA,コードリスト型（行政区域コード）
P23,1,所管省庁,P23a_002,NA,文字列型(CharacterString)
P23,1,所管省庁,P23b_002,NA,文字列型(CharacterString)
P23,1,管理者,P23a_003,NA,文字列型(CharacterString)
P23,1,管理者,P23b_003,NA,文字列型(CharacterString)
P23,1,施設種類_堤防,P23a_004,NA,真偽値型（Boolean）
P23,1,施設種類_堤防,P23b_004,NA,真偽値型（Boolean）
P23,1,施設種類_突堤,P23a_005,NA,真偽値型（Boolean）
P23,1,施設種類_突堤,P23b_005,NA,真偽値型（Boolean）
P23,1,施設種類_護岸,P23a_006,NA,真偽値型（Boolean）
P23,1,施設種類_護岸,P23b_006,NA,真偽値型（Boolean）
P23,1,施設種類_胸壁,P23a_007,NA,真偽値型（Boolean）
P23,1,施設種類_胸壁,P23b_007,NA,真偽値型（Boolean）
P23,1,施設種類_離岸堤,P23a_008,NA,真偽値型（Boolean）
P23,1,施設種類_離岸堤,P23b_008,NA,真偽値型（Boolean）
P23,1,施設種類_砂浜,P23a_009,NA,真偽値型（Boolean）
P23,1,施設種類_砂浜,P23b_009,NA,真偽値型（Boolean）
P23,1,施設種類_その他の施設,P23a_010,NA,真偽値型（Boolean）
P23,1,施設種類_その他の施設,P23b_010,NA,真偽値型（Boolean）
P23,1,延長,P23a_011,NA,実数型（Real）
P23,1,延長,P23b_011,NA,実数型（Real）
P23,1,基準面,P23a_016,NA,文字列型(CharacterString)
P23,1,基準面,P23b_016,NA,文字列型(CharacterString)
P23,1,天端高最大（現況）,P23a_012,NA,実数型（Real）
P23,1,天端高最大（現況）,P23b_012,NA,実数型（Real）
P23,1,天端高最小（現況）,P23a_013,NA,実数型（Real）
P23,1,天端高最小（現況）,P23b_013,NA,実数型（Real）
P23,1,天端高最大（計画）,P23a_014,NA,実数型（Real）
P23,1,天端高最大（計画）,P23b_014,NA,実数型（Real）
P23,1,天端高最小（計画）,P23a_015,NA,実数型（Real）
P23,1,天端高最小（計画）,P23b_015,NA,実数型（Real）
